-- MySQL Administrator dump 1.4
--
-- ------------------------------------------------------
-- Server version	5.0.32-Debian_7etch1-log


/*!40101 SET @OLD_CHARACTER_SET_CLIENT=@@CHARACTER_SET_CLIENT */;
/*!40101 SET @OLD_CHARACTER_SET_RESULTS=@@CHARACTER_SET_RESULTS */;
/*!40101 SET @OLD_COLLATION_CONNECTION=@@COLLATION_CONNECTION */;
/*!40101 SET NAMES utf8 */;

/*!40014 SET @OLD_UNIQUE_CHECKS=@@UNIQUE_CHECKS, UNIQUE_CHECKS=0 */;
/*!40014 SET @OLD_FOREIGN_KEY_CHECKS=@@FOREIGN_KEY_CHECKS, FOREIGN_KEY_CHECKS=0 */;
/*!40101 SET @OLD_SQL_MODE=@@SQL_MODE, SQL_MODE='NO_AUTO_VALUE_ON_ZERO' */;


--
-- Create schema batkeeping
--

CREATE DATABASE IF NOT EXISTS batkeeping;
USE batkeeping;

--
-- Definition of table `bat_notes`
--

DROP TABLE IF EXISTS `bat_notes`;
CREATE TABLE `bat_notes` (
  `id` int(10) unsigned NOT NULL auto_increment,
  `bat_id` int(10) unsigned NOT NULL,
  `date` datetime NOT NULL,
  `text` text NOT NULL,
  `user_id` int(10) unsigned NOT NULL COMMENT 'signature',
  PRIMARY KEY  (`id`)
) ENGINE=InnoDB DEFAULT CHARSET=utf8;

--
-- Dumping data for table `bat_notes`
--

/*!40000 ALTER TABLE `bat_notes` DISABLE KEYS */;
INSERT INTO `bat_notes` (`id`,`bat_id`,`date`,`text`,`user_id`) VALUES 
 (1,2,'2007-06-14 00:00:00','Catches tethered mealworms.',5),
 (2,3,'2007-06-14 00:00:00','Catches tethered mealworms.',5),
 (3,6,'2007-06-14 00:00:00','Used by Genni in experiments as a juvenile-- please ask before using.',5),
 (4,11,'2007-06-14 00:00:00','Catches tethered mealworms',5),
 (5,11,'2007-06-14 00:00:00','Genni\'s bat',5),
 (6,16,'2007-06-11 00:00:00','Alberta',1),
 (7,16,'2007-06-19 00:00:00','catches mealworms',1),
 (8,16,'2007-06-19 00:00:00','ben\'s bat - groove discrimination',1),
 (9,17,'2007-06-12 00:00:00','Eugene',1),
 (10,17,'2007-06-19 00:00:00','catches mealworms',1),
 (11,18,'2007-06-14 00:00:00','Genni\'s bat-- used in experiments as a juvenile.',5),
 (12,19,'2007-06-14 00:00:00','\"Gareth\"-- born in captivity along with his twin (now dead).',5),
 (13,19,'2007-06-14 00:00:00','Used by Genni in experiments as a juvenile-- please ask before using.',5),
 (14,19,'2007-06-14 00:00:00','Son of W11',5),
 (15,24,'2007-06-14 00:00:00','Genni\'s bat-- please ask before using.',5);
INSERT INTO `bat_notes` (`id`,`bat_id`,`date`,`text`,`user_id`) VALUES 
 (16,26,'2007-06-14 00:00:00','Genni\'s bat-- please ask before using.',5),
 (17,29,'2007-06-14 00:00:00','Please ask Genni before using.',5),
 (18,32,'2007-06-14 00:00:00','Used by Genni in experiments as a juvenile-- please ask before using.',5),
 (19,35,'2007-06-14 00:00:00','\"Gaia\"-- mother of B77; please ask Genni before using.',5),
 (20,37,'2007-06-14 00:00:00','\"Yoda\"',5),
 (21,44,'2007-06-14 00:00:00','Catches tethered mealworms.',5),
 (22,45,'2007-06-14 00:00:00','Bat can catch tethered mealworms.',5),
 (23,46,'2007-06-14 00:00:00','was a mom with one pup',3),
 (24,47,'2007-06-14 00:00:00','was a mom with two pups',3),
 (25,48,'2007-06-14 00:00:00','was a mom with one pup',3),
 (26,49,'2007-06-14 00:00:00','was a mom with two pups',3),
 (27,50,'2007-06-14 00:00:00','was a mom with one pup',3),
 (28,51,'2007-06-14 00:00:00','was a mom with two pups',3),
 (29,52,'2007-06-14 00:00:00','Catches tethered mealworms; Genni\'s bat.',5),
 (30,53,'2007-06-14 00:00:00','Catches tethered mealworms.',5);
INSERT INTO `bat_notes` (`id`,`bat_id`,`date`,`text`,`user_id`) VALUES 
 (31,53,'2007-06-14 00:00:00','Genni\'s bat.',5),
 (32,54,'2007-06-14 00:00:00','Genni\'s bat; catches tethered mealworms.',5),
 (33,56,'2007-06-14 00:00:00','Genni\'s bat',5),
 (34,58,'2007-06-14 00:00:00','Catches tethered mealworms; Genni\'s bat',5),
 (35,68,'2007-06-19 00:00:00','trained to station #7',5),
 (36,15,'2007-06-20 11:50:51','ben\'s bat',1),
 (37,15,'2007-06-20 11:50:57','catches mealworms',1),
 (39,15,'2007-06-20 11:51:16','groove discrimination',1),
 (41,79,'2007-06-28 17:33:20','R fa = 43mm',5),
 (42,79,'2007-06-28 17:35:33','r total gap = 4mm',5),
 (43,79,'2007-06-28 17:43:39','cannot fly yet; takes formula & mealworms',5),
 (44,79,'2007-06-29 09:12:33','Bat probably about 25 days old when found',5),
 (45,52,'2007-06-29 16:44:41','Please keep an eye on her nose to be sure the abscess does not return.',5),
 (46,42,'2007-07-02 16:00:11','seems lethargic',8),
 (47,27,'2007-07-03 21:38:30','Bat looked fine at 9:30 on 6/3/07',10),
 (48,17,'2007-07-05 17:17:10','lands on platform/hits bead',1);
INSERT INTO `bat_notes` (`id`,`bat_id`,`date`,`text`,`user_id`) VALUES 
 (49,49,'2007-07-05 17:19:46','started catching mealworms',1),
 (50,47,'2007-07-09 14:47:18','bandless',1),
 (52,47,'2007-07-09 14:47:35','lost her pup (OR53)',1),
 (53,63,'2007-07-10 12:56:15','twin of OR51',5),
 (54,65,'2007-07-10 12:56:26','twin of OR49',5),
 (55,79,'2007-07-10 17:51:14','her name is Lucky',5),
 (56,62,'2007-07-10 18:01:15','cannot fly as of July 10, 2007',5),
 (57,63,'2007-07-10 18:01:28','Cannot fly as of July 10, 2007',5),
 (58,65,'2007-07-10 18:01:42','Cannot fly as of July 10, 2007',5),
 (59,79,'2007-07-11 16:41:14','July 11, 2007-- Bat refuses to leave hand & try to fly-- makes aggressive calls and won\'t try to fly',5),
 (60,74,'2007-07-11 16:50:36','12.9g after catching mealworms; fed extra worms in dish later-- ate, but seems to have some trouble chewing',5),
 (61,21,'2007-07-12 12:42:48','two dark colored scabs on right side of back',8),
 (62,15,'2007-07-13 17:10:14','bat doesn\'t fly very well',1),
 (63,42,'2007-07-20 13:27:31','not eat yet',6);
INSERT INTO `bat_notes` (`id`,`bat_id`,`date`,`text`,`user_id`) VALUES 
 (64,54,'2007-07-20 18:08:54','was fed a little extra this afternoon',5),
 (66,3,'2007-07-20 18:09:17','was fed a little extra this afternoon',5),
 (67,18,'2007-07-26 14:54:36','died on 7/25/07',2),
 (68,80,'2007-07-31 14:08:49','sluggo',1),
 (70,47,'2007-07-31 14:37:17','started training for bead discrimination',1),
 (71,80,'2007-08-01 16:50:23','This is Sluggo',2),
 (72,53,'2007-08-06 11:37:56','face abscess-- monitor this',5),
 (73,52,'2007-08-16 10:15:20','16.9',6);
/*!40000 ALTER TABLE `bat_notes` ENABLE KEYS */;


--
-- Definition of table `bats`
--

DROP TABLE IF EXISTS `bats`;
CREATE TABLE `bats` (
  `id` int(10) unsigned NOT NULL auto_increment,
  `cage_id` int(10) unsigned default NULL,
  `collection_date` datetime NOT NULL,
  `collection_age` varchar(45) NOT NULL COMMENT 'juvenile/adult',
  `collection_place` varchar(100) NOT NULL,
  `gender` varchar(1) NOT NULL COMMENT 'm/f',
  `leave_date` datetime default NULL COMMENT 'y/n - in lab or not',
  `leave_reason` text COMMENT 'death/exported',
  `band` varchar(10) default NULL,
  `vaccination_date` date default NULL,
  `species_id` int(10) unsigned default NULL,
  `monitor_weight` tinyint(1) NOT NULL default '1',
  PRIMARY KEY  (`id`)
) ENGINE=InnoDB DEFAULT CHARSET=utf8;

--
-- Dumping data for table `bats`
--

/*!40000 ALTER TABLE `bats` DISABLE KEYS */;
INSERT INTO `bats` (`id`,`cage_id`,`collection_date`,`collection_age`,`collection_place`,`gender`,`leave_date`,`leave_reason`,`band`,`vaccination_date`,`species_id`,`monitor_weight`) VALUES 
 (1,2,'2005-08-15 00:00:00','Juvenile','Clinton, MD','M',NULL,NULL,'G58','2005-09-01',2,1),
 (2,NULL,'2005-08-15 00:00:00','Juvenile','Clinton, MD','M','2007-07-15 00:00:00','Bat died.','G78','2005-09-01',2,1),
 (3,23,'2005-08-15 00:00:00','Juvenile','Clinton, MD','M',NULL,NULL,'G41','2005-09-01',2,1),
 (4,6,'2005-07-11 00:00:00','Adult','Oxon Hill','F',NULL,NULL,'G29','2005-08-01',2,1),
 (5,1,'2006-08-02 00:00:00','Juvenile','Clinton, MD?','F',NULL,NULL,'B89',NULL,2,1),
 (6,1,'2005-08-15 00:00:00','Juvenile','Clinton, MD','M',NULL,NULL,'B65','2005-09-01',2,1),
 (7,NULL,'2006-06-11 00:00:00','Juvenile','? USA','M','2007-07-10 00:00:00','died','B85','2006-08-14',2,1),
 (8,4,'2006-06-11 00:00:00','Juvenile','? USA','M',NULL,NULL,'W4','2006-08-14',2,1),
 (9,NULL,'2006-06-11 00:00:00','Juvenile','? USA','M','2007-08-06 00:00:00','Bat died.','W5','2006-08-03',2,1),
 (10,2,'2005-07-11 00:00:00','Juvenile','Oxon Hill','M',NULL,NULL,'G30','2005-08-01',2,1);
INSERT INTO `bats` (`id`,`cage_id`,`collection_date`,`collection_age`,`collection_place`,`gender`,`leave_date`,`leave_reason`,`band`,`vaccination_date`,`species_id`,`monitor_weight`) VALUES 
 (11,NULL,'2006-07-06 00:00:00','Juvenile','?','M','2007-07-09 00:00:00','died natural causes','B47','2006-08-15',2,1),
 (12,1,'2006-07-06 00:00:00','Adult','?','F',NULL,NULL,'B41','2006-08-15',2,1),
 (13,1,'2006-08-03 00:00:00','Juvenile','?','F',NULL,NULL,'B86','2006-08-14',2,1),
 (14,8,'2005-08-15 00:00:00','Juvenile','Clinton, MD','F',NULL,NULL,'G53','2005-09-01',2,1),
 (15,NULL,'2005-07-25 00:00:00','Adult','Fort Washington','F','2007-08-03 00:00:00','bat died','G39','2007-08-01',2,1),
 (16,17,'2007-04-30 00:00:00','Adult','Clinton, MD','F',NULL,NULL,'OR40','2007-06-08',2,1),
 (17,17,'2007-05-12 00:00:00','Adult','Cindy\'s Home','M',NULL,NULL,'OR41','2007-06-08',2,1),
 (18,NULL,'2006-07-06 00:00:00','Juvenile','?','F','2007-07-25 00:00:00','found dead in cage','B43','2006-08-15',2,1),
 (19,1,'2007-06-12 00:00:00','Juvenile','Brown University','M',NULL,NULL,'B77','2006-08-15',2,1),
 (20,4,'2005-08-15 00:00:00','Juvenile','Clinton, MD','M',NULL,NULL,'G66','2005-09-01',2,1);
INSERT INTO `bats` (`id`,`cage_id`,`collection_date`,`collection_age`,`collection_place`,`gender`,`leave_date`,`leave_reason`,`band`,`vaccination_date`,`species_id`,`monitor_weight`) VALUES 
 (21,1,'2005-08-15 00:00:00','Juvenile','Clinton, MD','F',NULL,NULL,'G57','2005-09-01',2,1),
 (22,4,'2006-08-03 00:00:00','Juvenile','?','M',NULL,NULL,'W8','2006-08-14',2,1),
 (23,NULL,'2005-08-15 00:00:00','Juvenile','Clinton, MD','M','2007-08-06 00:00:00','died','G44','2005-09-01',2,1),
 (24,4,'2005-08-15 00:00:00','Adult','Clinton, MD','F',NULL,NULL,'G47','2005-09-01',2,1),
 (25,1,'2007-06-12 00:00:00','Adult','Clinton, MD','F',NULL,NULL,'G54','2005-09-01',2,1),
 (26,1,'2005-08-15 00:00:00','Juvenile','Clinton, MD','F',NULL,NULL,'G79','2005-09-01',2,1),
 (27,28,'2005-08-15 00:00:00','Adult','Clinton, MD','F',NULL,NULL,'G81','2005-09-01',2,1),
 (28,28,'2006-07-06 00:00:00','Adult','?','F',NULL,NULL,'B36','2006-08-15',2,1),
 (29,1,'2006-07-06 00:00:00','Adult','?','F',NULL,NULL,'B39','2006-08-15',2,1),
 (30,NULL,'2006-07-06 00:00:00','Adult','?','F','2007-06-16 00:00:00','dead','B50','2006-08-15',2,1);
INSERT INTO `bats` (`id`,`cage_id`,`collection_date`,`collection_age`,`collection_place`,`gender`,`leave_date`,`leave_reason`,`band`,`vaccination_date`,`species_id`,`monitor_weight`) VALUES 
 (31,32,'2006-07-06 00:00:00','Adult','?','F',NULL,NULL,'B62','2006-08-15',2,1),
 (32,4,'2006-07-06 00:00:00','Juvenile','?','F',NULL,NULL,'B66','2006-08-15',2,1),
 (33,4,'2006-07-06 00:00:00','Juvenile','?','M',NULL,NULL,'B72','2006-08-15',2,1),
 (34,1,'2006-07-06 00:00:00','Juvenile','?','F',NULL,NULL,'B90','2006-08-15',2,1),
 (35,5,'2006-07-07 00:00:00','Adult','Brown University','F',NULL,NULL,'W11','2006-08-15',2,1),
 (36,1,'2006-07-06 00:00:00','Adult','?','M',NULL,NULL,'B63','2006-08-15',2,1),
 (37,11,'2001-01-31 00:00:00','Adult','?','M',NULL,NULL,'OR82',NULL,3,1),
 (38,3,'2005-07-11 00:00:00','Juvenile','Oxon Hill, MD','M',NULL,NULL,'G37','2005-08-01',2,1),
 (39,3,'2006-08-03 00:00:00','Juvenile','? USA','F',NULL,NULL,'W6','2006-08-14',2,1),
 (40,3,'2006-07-06 00:00:00','Adult','? USA','F',NULL,NULL,'B42','2006-08-15',2,1),
 (41,6,'2005-08-15 00:00:00','Adult','Clinton, MD','F',NULL,NULL,'G62','2005-09-01',2,1);
INSERT INTO `bats` (`id`,`cage_id`,`collection_date`,`collection_age`,`collection_place`,`gender`,`leave_date`,`leave_reason`,`band`,`vaccination_date`,`species_id`,`monitor_weight`) VALUES 
 (42,7,'2005-08-15 00:00:00','Juvenile','Clinton, MD','M',NULL,NULL,'G92','2005-09-01',2,1),
 (43,8,'2006-07-06 00:00:00','Juvenile','? USA','M',NULL,NULL,'B38','2006-08-15',2,1),
 (44,12,'2005-07-11 00:00:00','Juvenile','Oxon Hill, MD','F',NULL,NULL,'G32','2005-08-01',2,1),
 (45,15,'2005-06-13 00:00:00','Adult','?','M',NULL,NULL,'Y31','2005-08-13',2,1),
 (46,29,'2007-06-13 00:00:00','Adult','Fort Washington, MD','M',NULL,NULL,'OR42',NULL,2,1),
 (47,17,'2007-06-13 00:00:00','Adult','Fort Washington, MD','F',NULL,NULL,'OR43','2007-07-31',2,1),
 (48,18,'2007-06-13 00:00:00','Adult','Fort Washington, MD','F',NULL,NULL,'OR44',NULL,2,1),
 (49,NULL,'2007-06-13 00:00:00','Adult','Fort Washington, MD','F','2007-08-15 00:00:00','died when removing microphone, could have blocked her airway','OR46',NULL,2,1),
 (50,29,'2007-06-13 00:00:00','Adult','Fort Washington, MD','F',NULL,NULL,'OR47',NULL,2,1);
INSERT INTO `bats` (`id`,`cage_id`,`collection_date`,`collection_age`,`collection_place`,`gender`,`leave_date`,`leave_reason`,`band`,`vaccination_date`,`species_id`,`monitor_weight`) VALUES 
 (51,18,'2007-06-13 00:00:00','Adult','Fort Washington, MD','F',NULL,NULL,'OR45',NULL,2,1),
 (52,13,'2005-06-14 00:00:00','Adult','?','F',NULL,NULL,'G34','2005-06-14',2,1),
 (53,23,'2006-07-14 00:00:00','Adult','Clinton, MD','F',NULL,NULL,'B40','2006-08-14',2,1),
 (54,23,'2006-07-14 00:00:00','Juvenile','Clinton, MD','M',NULL,NULL,'B60','2006-08-14',2,1),
 (55,14,'2005-06-14 00:00:00','Adult','?','M',NULL,NULL,'GR61','2005-08-14',2,1),
 (56,14,'2006-07-14 00:00:00','Adult','Clinton, MD','F',NULL,NULL,'B37','2006-08-14',2,1),
 (57,14,'2005-06-14 00:00:00','Adult','?','M',NULL,NULL,'GR46','2005-08-14',2,1),
 (58,NULL,'2005-06-14 00:00:00','Adult','?','F','2007-06-21 00:00:00','duplicate entry','GR59','2005-08-14',2,1),
 (59,21,'2006-07-06 00:00:00','Adult','Clinton, MD','F',NULL,NULL,'B46','2006-08-15',2,1),
 (60,21,'2007-06-15 00:00:00','Juvenile','Clinton, MD','F',NULL,NULL,'W3','2006-08-14',2,1);
INSERT INTO `bats` (`id`,`cage_id`,`collection_date`,`collection_age`,`collection_place`,`gender`,`leave_date`,`leave_reason`,`band`,`vaccination_date`,`species_id`,`monitor_weight`) VALUES 
 (61,NULL,'2007-06-15 00:00:00','Adult','Clinton, MD','F','2007-07-16 00:00:00','euthanized','B64','2006-08-15',2,1),
 (62,18,'2007-06-14 00:00:00','Juvenile','Fort Washington, MD','F',NULL,NULL,'OR48',NULL,2,1),
 (63,18,'2007-06-13 00:00:00','Juvenile','Fort Washington, MD','F',NULL,NULL,'OR49',NULL,2,1),
 (64,NULL,'2007-06-13 00:00:00','Juvenile','Fort Washington, MD','M','2007-06-20 00:00:00','died','OR50',NULL,2,1),
 (65,18,'2007-06-13 00:00:00','Juvenile','Fort Washington, MD','M',NULL,NULL,'OR51',NULL,2,1),
 (66,NULL,'2007-06-13 00:00:00','Juvenile','Fort Washington, MD','M','2007-06-22 00:00:00','died','OR52',NULL,2,1),
 (67,12,'2006-07-06 00:00:00','Adult','? USA','F',NULL,NULL,'B35','2006-08-15',2,1),
 (68,24,'2006-10-25 00:00:00','Adult','Biodome','F',NULL,NULL,'Pu98',NULL,4,0),
 (69,24,'2006-10-25 00:00:00','Adult','Biodome','M',NULL,NULL,'Pu78',NULL,4,0),
 (70,24,'2006-10-25 00:00:00','Adult','Biodome in Montreal','M',NULL,NULL,'Pu82',NULL,4,0);
INSERT INTO `bats` (`id`,`cage_id`,`collection_date`,`collection_age`,`collection_place`,`gender`,`leave_date`,`leave_reason`,`band`,`vaccination_date`,`species_id`,`monitor_weight`) VALUES 
 (71,24,'2006-10-25 00:00:00','Adult','Biodome','M',NULL,NULL,'Pu81',NULL,2,0),
 (72,24,'2006-10-25 00:00:00','Adult','Biodome','F',NULL,NULL,'Pu93',NULL,4,0),
 (73,24,'2006-10-25 00:00:00','Adult','Biodome','M',NULL,NULL,'Pu96',NULL,4,0),
 (74,13,'2005-08-19 00:00:00','Juvenile','?','F',NULL,NULL,'G59','2005-09-19',2,1),
 (75,NULL,'2007-06-13 00:00:00','Juvenile','Fort Washington, MD','M','2007-07-09 00:00:00','died while trying to drain abscesses','OR53',NULL,2,1),
 (76,NULL,'2005-08-20 00:00:00','Juvenile','?','M','2007-06-20 00:00:00','This is the same bat as GR61 (duplicate entry).','G61','2005-09-20',2,1),
 (77,NULL,'2007-06-13 00:00:00','Juvenile','Fort Washington, MD','F','2007-06-24 00:00:00','dead; puncture wound on neck','OR54',NULL,2,1),
 (78,NULL,'2007-06-13 00:00:00','Juvenile','Fort Washington, MD','M','2007-06-22 00:00:00','bat died','OR55',NULL,2,1),
 (79,26,'2007-06-28 00:00:00','Juvenile','Kaushik\'s apartment (College Park, MD)','F',NULL,NULL,'OR56',NULL,2,1);
INSERT INTO `bats` (`id`,`cage_id`,`collection_date`,`collection_age`,`collection_place`,`gender`,`leave_date`,`leave_reason`,`band`,`vaccination_date`,`species_id`,`monitor_weight`) VALUES 
 (80,31,'2007-07-27 00:00:00','Juvenile','USA?','M',NULL,NULL,'Pu00',NULL,4,0);
/*!40000 ALTER TABLE `bats` ENABLE KEYS */;


--
-- Definition of table `cage_in_histories`
--

DROP TABLE IF EXISTS `cage_in_histories`;
CREATE TABLE `cage_in_histories` (
  `id` int(10) unsigned NOT NULL auto_increment,
  `bat_id` int(10) unsigned NOT NULL,
  `cage_id` int(10) unsigned NOT NULL,
  `date` datetime default NULL,
  `user_id` int(10) unsigned default NULL COMMENT 'signature of user who did the change',
  `note` text,
  PRIMARY KEY  (`id`)
) ENGINE=InnoDB DEFAULT CHARSET=utf8;

--
-- Dumping data for table `cage_in_histories`
--

/*!40000 ALTER TABLE `cage_in_histories` DISABLE KEYS */;
INSERT INTO `cage_in_histories` (`id`,`bat_id`,`cage_id`,`date`,`user_id`,`note`) VALUES 
 (1,1,1,'2007-06-11 13:23:45',2,'new bat'),
 (2,2,1,'2007-06-11 13:25:14',2,'new bat'),
 (3,3,1,'2007-06-11 13:32:39',1,'new bat'),
 (4,4,1,'2007-06-11 14:14:10',2,'new bat'),
 (5,5,1,'2007-06-11 14:18:37',2,'new bat'),
 (6,6,1,'2007-06-11 14:27:39',2,'new bat'),
 (7,7,1,'2007-06-11 14:34:47',2,'new bat'),
 (8,8,1,'2007-06-11 14:36:55',2,'new bat'),
 (9,9,2,'2007-06-11 14:41:16',4,'new bat'),
 (10,10,2,'2007-06-11 16:12:10',2,'new bat'),
 (11,11,4,'2007-06-11 16:18:30',2,'new bat'),
 (12,12,4,'2007-06-11 16:19:41',2,'new bat'),
 (13,13,4,'2007-06-11 16:20:48',2,'new bat'),
 (14,14,4,'2007-06-11 16:24:41',2,'new bat'),
 (15,4,3,'2007-06-11 17:28:39',2,'abscess'),
 (16,15,16,'2007-06-11 18:35:15',1,'new bat'),
 (17,16,17,'2007-06-11 18:58:03',1,'new bat'),
 (18,17,17,'2007-06-11 18:59:10',1,'new bat'),
 (19,18,4,'2007-06-12 11:13:01',1,'new bat'),
 (20,19,4,'2007-06-12 11:15:46',1,'new bat'),
 (21,20,4,'2007-06-12 11:19:44',1,'new bat'),
 (22,21,4,'2007-06-12 11:21:39',1,'new bat');
INSERT INTO `cage_in_histories` (`id`,`bat_id`,`cage_id`,`date`,`user_id`,`note`) VALUES 
 (23,22,4,'2007-06-12 11:23:14',1,'new bat'),
 (24,23,9,'2007-06-12 11:40:49',1,'new bat'),
 (25,24,9,'2007-06-12 11:43:16',1,'new bat'),
 (26,25,9,'2007-06-12 11:44:23',1,'new bat'),
 (27,26,9,'2007-06-12 11:45:30',1,'new bat'),
 (28,27,9,'2007-06-12 11:46:47',1,'new bat'),
 (29,28,9,'2007-06-12 11:47:58',1,'new bat'),
 (30,29,9,'2007-06-12 11:48:53',1,'new bat'),
 (31,30,9,'2007-06-12 11:49:49',1,'new bat'),
 (32,31,9,'2007-06-12 11:52:40',1,'new bat'),
 (33,32,9,'2007-06-12 11:53:29',1,'new bat'),
 (34,33,9,'2007-06-12 11:54:06',1,'new bat'),
 (35,34,9,'2007-06-12 11:55:06',1,'new bat'),
 (36,35,9,'2007-06-12 11:56:22',1,'new bat'),
 (37,36,10,'2007-06-12 11:58:42',1,'new bat'),
 (38,37,11,'2007-06-12 12:10:43',1,'new bat'),
 (39,38,5,'2007-06-13 10:14:21',3,'new bat'),
 (40,39,3,'2007-06-13 10:25:56',3,'new bat'),
 (41,40,3,'2007-06-13 10:34:39',3,'new bat'),
 (42,41,6,'2007-06-13 10:47:47',3,'new bat'),
 (43,4,6,'2007-06-13 10:48:22',3,'');
INSERT INTO `cage_in_histories` (`id`,`bat_id`,`cage_id`,`date`,`user_id`,`note`) VALUES 
 (44,42,7,'2007-06-13 10:55:55',3,'new bat'),
 (45,43,8,'2007-06-13 11:04:54',3,'new bat'),
 (46,44,12,'2007-06-13 14:38:11',3,'new bat'),
 (47,45,15,'2007-06-13 16:04:44',5,'new bat'),
 (48,46,18,'2007-06-14 11:29:55',1,'new bat'),
 (49,47,18,'2007-06-14 11:34:43',1,'new bat'),
 (50,48,18,'2007-06-14 11:38:36',1,'new bat'),
 (51,49,18,'2007-06-14 11:41:17',1,'new bat'),
 (52,50,18,'2007-06-14 11:44:43',1,'new bat'),
 (53,51,18,'2007-06-14 11:50:38',1,'new bat'),
 (54,16,19,'2007-06-14 12:44:15',3,'clearing out flight cage for quarantine moms and pups'),
 (55,17,19,'2007-06-14 12:44:15',3,'clearing out flight cage for quarantine moms and pups'),
 (56,52,13,'2007-06-14 14:06:42',5,'new bat'),
 (57,53,13,'2007-06-14 14:08:44',5,'new bat'),
 (58,54,13,'2007-06-14 14:09:46',5,'new bat'),
 (59,55,15,'2007-06-14 17:46:25',5,'new bat'),
 (60,56,14,'2007-06-14 17:47:17',5,'new bat'),
 (61,57,14,'2007-06-14 17:47:43',5,'new bat'),
 (62,58,14,'2007-06-14 17:48:27',5,'new bat');
INSERT INTO `cage_in_histories` (`id`,`bat_id`,`cage_id`,`date`,`user_id`,`note`) VALUES 
 (63,30,6,'2007-06-15 15:27:31',8,'infected eye'),
 (64,59,20,'2007-06-15 15:59:43',8,'new bat'),
 (65,60,21,'2007-06-15 16:02:23',8,'new bat'),
 (66,61,22,'2007-06-15 16:05:54',8,'new bat'),
 (67,62,18,'2007-06-16 16:33:28',5,'new bat'),
 (68,63,18,'2007-06-16 16:35:08',5,'new bat'),
 (69,64,18,'2007-06-16 16:36:53',5,'new bat'),
 (70,65,18,'2007-06-16 16:37:58',5,'new bat'),
 (71,66,18,'2007-06-17 14:09:37',5,'new bat'),
 (72,21,1,'2007-06-18 10:09:06',6,'weight loss'),
 (73,8,4,'2007-06-18 10:40:27',6,''),
 (74,22,1,'2007-06-18 10:47:33',6,''),
 (75,7,4,'2007-06-18 11:04:45',6,''),
 (76,11,23,'2007-06-18 16:33:34',11,''),
 (77,2,23,'2007-06-18 16:33:56',11,''),
 (78,3,23,'2007-06-18 16:33:56',11,''),
 (79,54,23,'2007-06-18 16:34:16',11,''),
 (80,58,13,'2007-06-18 16:34:41',11,''),
 (81,67,12,'2007-06-18 17:37:03',2,'new bat'),
 (82,68,24,'2007-06-19 13:56:45',5,'new bat'),
 (83,69,24,'2007-06-19 13:57:45',5,'new bat'),
 (84,70,24,'2007-06-19 14:00:16',5,'new bat');
INSERT INTO `cage_in_histories` (`id`,`bat_id`,`cage_id`,`date`,`user_id`,`note`) VALUES 
 (85,71,24,'2007-06-19 14:01:15',5,'new bat'),
 (86,72,24,'2007-06-19 14:02:27',5,'new bat'),
 (87,73,24,'2007-06-19 14:03:26',5,'new bat'),
 (88,74,13,'2007-06-19 15:36:37',5,'new bat'),
 (89,75,18,'2007-06-20 13:18:14',2,'new bat'),
 (90,76,15,'2007-06-20 17:08:00',5,'new bat'),
 (91,77,18,'2007-06-20 18:13:20',5,'new bat'),
 (92,78,18,'2007-06-21 09:35:56',5,'new bat'),
 (93,1,2,'2007-06-21 15:59:54',6,''),
 (94,46,25,'2007-06-24 14:01:41',5,'moms whose pups have died'),
 (95,49,25,'2007-06-24 14:01:41',5,'moms whose pups have died'),
 (96,50,25,'2007-06-24 14:01:41',5,'moms whose pups have died'),
 (97,7,1,'2007-06-25 11:26:46',6,''),
 (98,19,1,'2007-06-25 11:26:46',6,''),
 (99,16,17,'2007-06-25 19:01:44',1,'more space'),
 (100,17,17,'2007-06-25 19:01:44',1,'more space'),
 (101,79,26,'2007-06-28 14:16:09',5,'new bat'),
 (102,43,1,'2007-06-28 14:56:44',8,'no longer in med trwatment'),
 (103,2,14,'2007-06-28 17:50:22',5,''),
 (104,33,27,'2007-06-29 17:18:00',2,'is aggressive');
INSERT INTO `cage_in_histories` (`id`,`bat_id`,`cage_id`,`date`,`user_id`,`note`) VALUES 
 (105,4,5,'2007-06-29 17:40:45',2,'sweaty bats should be together'),
 (106,5,3,'2007-07-02 12:25:40',2,'abscess- not given his bactrim before moving him into the cage'),
 (107,24,21,'2007-07-02 17:52:13',1,'bat chosen for warp-16 implant'),
 (108,24,9,'2007-07-02 17:54:33',1,''),
 (109,27,21,'2007-07-02 18:07:54',1,'bat chosen for warp-16 implant'),
 (110,27,28,'2007-07-03 10:30:06',9,'bat chosen for warp-16 implant'),
 (111,34,4,'2007-07-06 11:27:42',1,''),
 (112,36,4,'2007-07-06 11:41:58',1,'was all alone for no known reason'),
 (113,7,27,'2007-07-09 11:20:41',6,'weight loss'),
 (114,7,2,'2007-07-09 12:00:36',6,''),
 (115,47,25,'2007-07-09 14:46:46',1,'lost its pup'),
 (116,46,29,'2007-07-09 16:39:06',2,'new research bats'),
 (117,50,29,'2007-07-09 16:39:06',2,'new research bats'),
 (118,33,8,'2007-07-09 17:28:23',8,'moved to med cage for treatment'),
 (119,4,6,'2007-07-10 11:18:30',1,''),
 (120,41,5,'2007-07-10 11:19:02',1,''),
 (121,5,1,'2007-07-10 11:30:17',1,'med treatment done');
INSERT INTO `cage_in_histories` (`id`,`bat_id`,`cage_id`,`date`,`user_id`,`note`) VALUES 
 (122,2,15,'2007-07-12 17:39:24',5,'low weight'),
 (123,38,6,'2007-07-13 19:08:00',1,'bat losing weight'),
 (124,38,3,'2007-07-13 19:08:46',1,'bat gaining weight, not losing weight'),
 (125,41,6,'2007-07-13 19:09:44',1,'bat losing weight'),
 (126,28,30,'2007-07-16 15:22:08',9,'Bat for head-post surgery for SC recording'),
 (127,18,1,'2007-07-23 10:49:39',6,''),
 (128,43,8,'2007-07-23 11:15:14',6,''),
 (129,22,4,'2007-07-23 11:15:54',6,''),
 (130,33,9,'2007-07-24 13:58:52',3,'bat healed. Needs heavy cagemates.'),
 (131,80,31,'2007-07-27 12:45:27',6,'new bat'),
 (132,47,17,'2007-07-30 17:05:40',1,'ben started training'),
 (133,23,1,'2007-07-31 12:26:49',8,'has been losing weight for awhile'),
 (134,35,5,'2007-07-31 14:31:14',8,'moved to med cage b/c of face abcess'),
 (135,53,23,'2007-07-31 19:02:30',5,'bat will now be used in social learning experiment'),
 (136,59,20,'2007-08-02 09:11:29',3,'reactivated'),
 (137,59,21,'2007-08-02 09:12:03',3,'');
INSERT INTO `cage_in_histories` (`id`,`bat_id`,`cage_id`,`date`,`user_id`,`note`) VALUES 
 (138,31,32,'2007-08-02 09:22:59',9,'bat selected for head-post attachment'),
 (139,28,28,'2007-08-02 09:29:01',9,''),
 (140,12,3,'2007-08-06 17:07:16',1,''),
 (141,12,4,'2007-08-10 19:47:49',1,'med issue resolved'),
 (142,14,1,'2007-08-13 11:00:17',6,''),
 (143,55,14,'2007-08-13 17:28:32',5,'eating all of Y31\'s food'),
 (144,24,4,'2007-08-20 15:23:56',6,''),
 (145,32,4,'2007-08-20 15:23:56',6,''),
 (146,33,4,'2007-08-20 15:23:56',6,''),
 (147,25,1,'2007-08-20 15:24:49',6,''),
 (148,26,1,'2007-08-20 15:24:49',6,''),
 (149,29,1,'2007-08-20 15:24:50',6,''),
 (150,12,1,'2007-08-20 15:26:39',6,''),
 (151,13,1,'2007-08-20 15:26:39',6,''),
 (152,34,1,'2007-08-20 15:26:39',6,''),
 (153,36,1,'2007-08-20 15:26:39',6,''),
 (154,14,8,'2007-08-20 15:27:26',6,'');
/*!40000 ALTER TABLE `cage_in_histories` ENABLE KEYS */;


--
-- Definition of table `cage_out_histories`
--

DROP TABLE IF EXISTS `cage_out_histories`;
CREATE TABLE `cage_out_histories` (
  `id` int(10) unsigned NOT NULL auto_increment,
  `bat_id` int(10) unsigned NOT NULL,
  `cage_id` int(10) unsigned NOT NULL,
  `date` datetime default NULL,
  `user_id` int(10) unsigned default NULL COMMENT 'sig of user who did the change',
  `note` text character set utf8,
  `cage_in_history_id` int(10) unsigned NOT NULL COMMENT 'each cage_out belongs to a cage in event',
  PRIMARY KEY  (`id`)
) ENGINE=InnoDB DEFAULT CHARSET=latin1;

--
-- Dumping data for table `cage_out_histories`
--

/*!40000 ALTER TABLE `cage_out_histories` DISABLE KEYS */;
INSERT INTO `cage_out_histories` (`id`,`bat_id`,`cage_id`,`date`,`user_id`,`note`,`cage_in_history_id`) VALUES 
 (1,4,1,'2007-06-11 17:28:39',2,'abscess',15),
 (2,4,3,'2007-06-13 10:48:22',3,'',43),
 (3,16,17,'2007-06-14 12:44:15',3,'clearing out flight cage for quarantine moms and pups',54),
 (4,17,17,'2007-06-14 12:44:15',3,'clearing out flight cage for quarantine moms and pups',55),
 (5,30,9,'2007-06-15 15:27:31',8,'infected eye',63),
 (6,21,4,'2007-06-18 10:09:06',6,'weight loss',72),
 (7,8,1,'2007-06-18 10:40:27',6,'',73),
 (8,22,4,'2007-06-18 10:47:33',6,'',74),
 (9,7,1,'2007-06-18 11:04:45',6,'',75),
 (10,30,6,'2007-06-18 14:06:38',6,'Dead',63),
 (11,11,4,'2007-06-18 16:33:34',11,'',76),
 (12,2,1,'2007-06-18 16:33:56',11,'',77),
 (13,3,1,'2007-06-18 16:33:56',11,'',78),
 (14,54,13,'2007-06-18 16:34:16',11,'',79),
 (15,58,14,'2007-06-18 16:34:41',11,'',80),
 (16,1,1,'2007-06-21 15:59:54',6,'',93),
 (17,77,18,'2007-06-24 13:26:07',5,'dead; puncture wound on neck',91),
 (18,46,18,'2007-06-24 14:01:41',5,'moms whose pups have died',94),
 (19,49,18,'2007-06-24 14:01:41',5,'moms whose pups have died',95);
INSERT INTO `cage_out_histories` (`id`,`bat_id`,`cage_id`,`date`,`user_id`,`note`,`cage_in_history_id`) VALUES 
 (20,50,18,'2007-06-24 14:01:41',5,'moms whose pups have died',96),
 (21,7,4,'2007-06-25 11:26:46',6,'',97),
 (22,19,4,'2007-06-25 11:26:46',6,'',98),
 (23,16,19,'2007-06-25 19:01:44',1,'more space',99),
 (24,17,19,'2007-06-25 19:01:44',1,'more space',100),
 (25,43,8,'2007-06-28 14:56:44',8,'no longer in med trwatment',102),
 (26,2,23,'2007-06-28 17:50:22',5,'',103),
 (27,33,9,'2007-06-29 17:18:00',2,'is aggressive',104),
 (28,4,6,'2007-06-29 17:40:45',2,'sweaty bats should be together',105),
 (29,5,1,'2007-07-02 12:25:40',2,'abscess- not given his bactrim before moving him into the cage',106),
 (30,24,9,'2007-07-02 17:52:13',1,'bat chosen for warp-16 implant',107),
 (31,24,21,'2007-07-02 17:54:33',1,'',108),
 (32,27,9,'2007-07-02 18:07:54',1,'bat chosen for warp-16 implant',109),
 (33,27,21,'2007-07-03 10:30:06',9,'bat chosen for warp-16 implant',110),
 (34,34,9,'2007-07-06 11:27:42',1,'',111),
 (35,36,10,'2007-07-06 11:41:58',1,'was all alone for no known reason',112);
INSERT INTO `cage_out_histories` (`id`,`bat_id`,`cage_id`,`date`,`user_id`,`note`,`cage_in_history_id`) VALUES 
 (36,7,1,'2007-07-09 11:20:41',6,'weight loss',113),
 (37,11,23,'2007-07-09 11:56:09',6,'died natural causes',76),
 (38,7,27,'2007-07-09 12:00:36',6,'',114),
 (39,75,18,'2007-07-09 14:28:18',1,'died while trying to drain abscesses',89),
 (40,47,18,'2007-07-09 14:46:46',1,'lost its pup',115),
 (41,46,25,'2007-07-09 16:39:06',2,'new research bats',116),
 (42,50,25,'2007-07-09 16:39:06',2,'new research bats',117),
 (43,33,27,'2007-07-09 17:28:23',8,'moved to med cage for treatment',118),
 (44,4,5,'2007-07-10 11:18:30',1,'',119),
 (45,41,6,'2007-07-10 11:19:02',1,'',120),
 (46,5,3,'2007-07-10 11:30:17',1,'med treatment done',121),
 (47,7,2,'2007-07-10 11:41:43',1,'died',114),
 (48,2,14,'2007-07-12 17:39:24',5,'low weight',122),
 (49,38,5,'2007-07-13 19:08:00',1,'bat losing weight',123),
 (50,38,6,'2007-07-13 19:08:46',1,'bat gaining weight, not losing weight',124),
 (51,41,5,'2007-07-13 19:09:44',1,'bat losing weight',125),
 (52,61,22,'2007-07-16 13:16:59',1,'euthanized',66);
INSERT INTO `cage_out_histories` (`id`,`bat_id`,`cage_id`,`date`,`user_id`,`note`,`cage_in_history_id`) VALUES 
 (53,28,9,'2007-07-16 15:22:09',9,'Bat for head-post surgery for SC recording',126),
 (54,2,15,'2007-07-18 14:28:02',5,'Bat died.',122),
 (55,18,4,'2007-07-23 10:49:39',6,'',127),
 (56,43,1,'2007-07-23 11:15:14',6,'',128),
 (57,22,1,'2007-07-23 11:15:54',6,'',129),
 (58,33,8,'2007-07-24 13:58:52',3,'bat healed. Needs heavy cagemates.',130),
 (59,18,1,'2007-07-30 12:57:29',8,'found dead in cage',127),
 (60,47,25,'2007-07-30 17:05:40',1,'ben started training',132),
 (61,23,9,'2007-07-31 12:26:49',8,'has been losing weight for awhile',133),
 (62,35,9,'2007-07-31 14:31:14',8,'moved to med cage b/c of face abcess',134),
 (63,53,13,'2007-07-31 19:02:30',5,'bat will now be used in social learning experiment',135),
 (64,59,20,'2007-08-02 09:07:37',9,'',64),
 (65,59,20,'2007-08-02 09:12:03',3,'',137),
 (66,31,9,'2007-08-02 09:22:59',9,'bat selected for head-post attachment',138),
 (67,28,30,'2007-08-02 09:29:01',9,'',139),
 (68,15,16,'2007-08-03 06:48:15',3,'bat died',16);
INSERT INTO `cage_out_histories` (`id`,`bat_id`,`cage_id`,`date`,`user_id`,`note`,`cage_in_history_id`) VALUES 
 (69,9,2,'2007-08-06 14:22:02',5,'Bat died.',9),
 (70,23,1,'2007-08-06 16:46:19',2,'died',133),
 (71,12,4,'2007-08-06 17:07:16',1,'',140),
 (72,12,3,'2007-08-10 19:47:49',1,'med issue resolved',141),
 (73,14,4,'2007-08-13 11:00:17',6,'',142),
 (74,55,15,'2007-08-13 17:28:32',5,'eating all of Y31\'s food',143),
 (75,49,25,'2007-08-15 14:23:10',1,'died when removing microphone, could have blocked her airway',95),
 (76,24,9,'2007-08-20 15:23:56',6,'',144),
 (77,32,9,'2007-08-20 15:23:56',6,'',145),
 (78,33,9,'2007-08-20 15:23:56',6,'',146),
 (79,25,9,'2007-08-20 15:24:49',6,'',147),
 (80,26,9,'2007-08-20 15:24:50',6,'',148),
 (81,29,9,'2007-08-20 15:24:50',6,'',149),
 (82,12,4,'2007-08-20 15:26:39',6,'',150),
 (83,13,4,'2007-08-20 15:26:39',6,'',151),
 (84,34,4,'2007-08-20 15:26:39',6,'',152),
 (85,36,4,'2007-08-20 15:26:39',6,'',153),
 (86,14,1,'2007-08-20 15:27:26',6,'',154);
/*!40000 ALTER TABLE `cage_out_histories` ENABLE KEYS */;


--
-- Definition of table `cages`
--

DROP TABLE IF EXISTS `cages`;
CREATE TABLE `cages` (
  `id` int(10) unsigned NOT NULL auto_increment,
  `name` varchar(45) NOT NULL,
  `date_created` datetime NOT NULL,
  `date_destroyed` datetime default NULL,
  `user_id` int(10) unsigned default NULL COMMENT 'investigators user_id, can be nil',
  `room_id` int(10) unsigned NOT NULL,
  PRIMARY KEY  (`id`)
) ENGINE=InnoDB DEFAULT CHARSET=utf8;

--
-- Dumping data for table `cages`
--

/*!40000 ALTER TABLE `cages` DISABLE KEYS */;
INSERT INTO `cages` (`id`,`name`,`date_created`,`date_destroyed`,`user_id`,`room_id`) VALUES 
 (1,'NP','2007-06-11 00:00:00',NULL,4,1),
 (2,'NP2','2007-06-11 00:00:00',NULL,4,1),
 (3,'Med 2','2007-06-11 00:00:00',NULL,4,1),
 (4,'Flight Temp','2007-06-11 00:00:00',NULL,4,1),
 (5,'Med 1','2007-06-11 00:00:00',NULL,4,1),
 (6,'Med 3','2007-06-11 00:00:00',NULL,4,1),
 (7,'Med 4','2007-06-11 00:00:00',NULL,4,1),
 (8,'Med 5','2007-06-11 00:00:00',NULL,4,1),
 (9,'\"Flight\"','2007-06-11 00:00:00','2007-08-20 00:00:00',4,1),
 (10,'Recovery','2007-06-11 00:00:00','2007-07-09 00:00:00',4,1),
 (11,'NPM','2007-06-11 00:00:00',NULL,4,1),
 (12,'Monitor','2007-06-11 00:00:00',NULL,4,1),
 (13,'GS#1','2007-06-11 00:00:00',NULL,5,1),
 (14,'GS#2','2007-06-11 00:00:00',NULL,5,2),
 (15,'GS#3','2007-06-11 00:00:00',NULL,5,2),
 (16,'BF','2007-06-11 00:00:00','2007-08-03 00:00:00',1,1),
 (17,'Flight','2007-06-11 00:00:00',NULL,1,2),
 (18,'Quarantine Moms and Pups','2007-06-14 00:00:00',NULL,5,2),
 (19,'BF 2','2007-06-14 00:00:00','2007-06-25 00:00:00',1,2),
 (20,'MC #1','2007-06-15 00:00:00','2007-08-02 00:00:00',9,1);
INSERT INTO `cages` (`id`,`name`,`date_created`,`date_destroyed`,`user_id`,`room_id`) VALUES 
 (21,'MC','2007-06-15 00:00:00',NULL,9,1),
 (22,'Surgery 2','2007-06-15 00:00:00','2007-07-16 00:00:00',10,1),
 (23,'GSWNLRY','2007-06-18 00:00:00',NULL,5,2),
 (24,'Carollia partition','2007-06-19 00:00:00',NULL,5,3),
 (25,'Q2','2007-06-24 00:00:00','2007-08-15 00:00:00',5,2),
 (26,'QKG','2007-06-28 00:00:00',NULL,5,2),
 (27,'NP3','2007-06-29 00:00:00','2007-07-09 00:00:00',4,1),
 (28,'Surgery#1','2007-07-03 00:00:00',NULL,9,1),
 (29,'Pendulum','2007-07-09 00:00:00',NULL,2,2),
 (30,'Surgery #2','2007-07-16 00:00:00','2007-08-02 00:00:00',9,1),
 (31,'Fruit Bat','2007-07-27 00:00:00',NULL,3,3),
 (32,'Surgery3','2007-08-02 00:00:00',NULL,9,1);
/*!40000 ALTER TABLE `cages` ENABLE KEYS */;


--
-- Definition of table `census`
--

DROP TABLE IF EXISTS `census`;
CREATE TABLE `census` (
  `id` int(10) unsigned NOT NULL auto_increment,
  `animals` int(10) unsigned default NULL,
  `date` date NOT NULL,
  `room_id` int(10) unsigned NOT NULL,
  `bats_added` varchar(2000) default NULL,
  `bats_removed` varchar(2000) default NULL,
  PRIMARY KEY  (`id`)
) ENGINE=InnoDB DEFAULT CHARSET=latin1;

--
-- Dumping data for table `census`
--

/*!40000 ALTER TABLE `census` DISABLE KEYS */;
INSERT INTO `census` (`id`,`animals`,`date`,`room_id`,`bats_added`,`bats_removed`) VALUES 
 (1,15,'2007-06-11',1,'B65 B85 B89 G29 G41 G58 G78 W4 W5G30 B47 B41 B86 G53 G39 ',NULL),
 (2,2,'2007-06-11',2,'OR40 OR41 ',NULL),
 (3,35,'2007-06-12',1,'B43 B77 G66 G57 W8 G44 G47 G54 G79 G81 B36 B39 B50 B62 B66 B72 B90 W11 B63 OR82 ',NULL),
 (4,43,'2007-06-13',1,'G37 W6 B42 G62 G92 B38 G32 Y31 ',NULL),
 (5,8,'2007-06-14',2,'OR42 OR43 OR44 OR45 OR47 OR45 ',NULL),
 (6,50,'2007-06-14',1,'G34 B40 B60 GR61 B37 GR46 GR59 ',NULL),
 (7,53,'2007-06-15',1,'B46 W3 B64 ',NULL),
 (8,12,'2007-06-16',2,'OR48 OR49 OR50 OR51 ',NULL),
 (9,13,'2007-06-17',2,'OR52 ',NULL),
 (10,53,'2007-06-18',1,'B35 ','B50 '),
 (11,6,'2007-06-19',3,'Pu98 Pu78 Pu82 Pu81 Pu93 Pu96 ',NULL),
 (12,54,'2007-06-19',1,'G59 ',NULL),
 (13,14,'2007-06-20',2,'OR53 OR54 ','OR50 '),
 (14,54,'2007-06-20',1,'G61 ','G61 '),
 (15,15,'2007-06-21',2,'OR55 ',NULL),
 (16,53,'2007-06-21',1,NULL,'GR59 '),
 (17,13,'2007-06-22',2,NULL,'OR55 OR52 '),
 (18,12,'2007-06-24',2,NULL,'OR54 '),
 (19,13,'2007-06-28',2,'OR56 ',NULL);
INSERT INTO `census` (`id`,`animals`,`date`,`room_id`,`bats_added`,`bats_removed`) VALUES 
 (20,50,'2007-07-06',1,NULL,'B47 B60 G41 '),
 (21,16,'2007-07-06',2,'B47 B60 G41 ',NULL),
 (22,12,'2007-07-09',2,NULL,'B47 OR53 OR42 OR47 '),
 (23,52,'2007-07-09',1,'OR42 OR47 ',NULL),
 (24,51,'2007-07-10',1,NULL,'B85 '),
 (25,49,'2007-07-16',1,NULL,'B64 '),
 (26,50,'2007-07-15',1,NULL,'G78 '),
 (27,45,'2007-07-19',1,NULL,'GR61 Y31 OR42 OR47 '),
 (28,16,'2007-07-19',2,'GR61 Y31 OR42 OR47 ',NULL),
 (29,43,'2007-07-20',1,NULL,'B37 GR46 '),
 (30,18,'2007-07-20',2,'B37 GR46 ',NULL),
 (31,7,'2007-07-27',3,'Pu00 ',NULL),
 (32,42,'2007-07-25',1,NULL,'B43 '),
 (33,41,'2007-07-31',1,NULL,'B40 '),
 (34,19,'2007-07-31',2,'B40 ',NULL),
 (35,41,'2007-08-02',1,'B46 ','B46 '),
 (36,40,'2007-08-03',1,NULL,'G39 '),
 (37,38,'2007-08-06',1,NULL,'W5 G44 '),
 (38,18,'2007-08-15',2,NULL,'OR46 ');
/*!40000 ALTER TABLE `census` ENABLE KEYS */;


--
-- Definition of table `medical_problems`
--

DROP TABLE IF EXISTS `medical_problems`;
CREATE TABLE `medical_problems` (
  `id` int(10) unsigned NOT NULL auto_increment,
  `bat_id` int(10) unsigned NOT NULL,
  `date_opened` datetime NOT NULL,
  `description` text NOT NULL,
  `date_closed` datetime default NULL,
  `title` varchar(45) NOT NULL,
  `reason_closed` varchar(45) default NULL,
  PRIMARY KEY  (`id`)
) ENGINE=InnoDB DEFAULT CHARSET=utf8;

--
-- Dumping data for table `medical_problems`
--

/*!40000 ALTER TABLE `medical_problems` DISABLE KEYS */;
INSERT INTO `medical_problems` (`id`,`bat_id`,`date_opened`,`description`,`date_closed`,`title`,`reason_closed`) VALUES 
 (1,4,'2007-06-11 00:00:00','Abscess on left side of face and bat teeth','2007-07-26 00:00:00','Face abscess',NULL),
 (2,38,'2006-12-19 00:00:00','Bat had a malignant melanoma removed from its back by Dr Hall. Bat is always sweaty. Need to monitor for changes in condition daily.',NULL,'Malignant melanoma',NULL),
 (3,39,'2007-04-30 00:00:00','Abscess on right side of face.','2007-07-26 00:00:00','Abscess on face',NULL),
 (4,40,'2007-05-15 00:00:00','Infection on and around old surgical site. ','2007-06-15 00:00:00','Abscess on face around edge of surgical site.',NULL),
 (5,41,'2007-05-15 00:00:00','Gums are swollen, abscessed and infected. Bat in observation. If there is need for practice surgery or other, you might want to consider using this bat. If weight starts dropping bat will need to be put down.','2007-07-26 00:00:00','Severe dental issues',NULL),
 (6,42,'2007-05-16 00:00:00','Severe gum disease. Low weight and problems competing with other bats at feeding time. House alone.',NULL,'Gum disease',NULL),
 (7,43,'2007-06-04 00:00:00','Swollen right knee. Site drained. Mostly blood. Did not refill after initial treatment. ',NULL,'Right leg swollen at knee. Possible fracture.',NULL);
INSERT INTO `medical_problems` (`id`,`bat_id`,`date_opened`,`description`,`date_closed`,`title`,`reason_closed`) VALUES 
 (8,44,'2007-06-13 00:00:00','Right wing is badly torn and bleeding.',NULL,'Wing membrane torn',NULL),
 (9,45,'2007-06-05 00:00:00','Abscess on nose-- drained it and inject Baytril on site; gave Bactrim (0.15 cc) daily for 10 days.  Nose seems fine now; treatment complete.','2007-06-14 00:00:00','Abscess on nose',NULL),
 (10,40,'2007-06-15 00:00:00','treated with Bactrim, no current treatment. Watch abscess, drain if needed',NULL,'Abscess on face around edge of surgical site',NULL),
 (11,30,'2007-06-15 00:00:00','Left eye horribly swollen all around eye. Eye scabbed over completely.','2007-06-16 00:00:00','Swollen/Infected Eye',NULL),
 (12,67,'2007-06-20 00:00:00','Bat sweaty. Please clarify reason for monitoring, treatment?','2007-06-22 00:00:00','Sweaty (no entry found,??)',NULL),
 (13,52,'2007-06-20 00:00:00','below right eye, on nostril','2007-06-29 00:00:00','Face abscess',NULL),
 (14,79,'2007-06-29 00:00:00','Pup is low weight, needs extra feeding, doesn\'t seem to be eating worms on its own','2007-07-18 00:00:00','pup - low weight',NULL);
INSERT INTO `medical_problems` (`id`,`bat_id`,`date_opened`,`description`,`date_closed`,`title`,`reason_closed`) VALUES 
 (15,5,'2007-07-02 00:00:00','face abscess','2007-07-10 00:00:00','abscess',NULL),
 (16,27,'2007-07-02 00:00:00','','2007-07-12 00:00:00','Prophylactic antibiotic cover for surgery',NULL),
 (17,75,'2007-07-05 12:21:18','looks like an abscess','2007-07-09 00:00:00','Swollen wing joint',NULL),
 (18,33,'2007-07-09 00:00:00','small abscess on thumb/wing joint','2007-07-24 00:00:00','abscess on right wing',NULL),
 (19,33,'2007-07-09 00:00:00','right wing','2007-07-09 00:00:00','Wing Joint Abscess',NULL),
 (20,63,'2007-07-13 00:00:00','Bat\'s right wing appears broken on upper arm (at band site). Skin intact, no swelling. It bends slightly if you hold the wing open. Doesn\'t seem to cause pain. ','2007-08-01 00:00:00','broken wing',NULL),
 (21,43,'2007-07-23 11:29:09','There is an abscess by the eye, pus comes out mouth, needs to be drained.  Give 0.15cc Bactrim.',NULL,'facial abscess',NULL),
 (22,39,'2007-07-26 00:00:00','take off medicine, monitor',NULL,'observation',NULL);
INSERT INTO `medical_problems` (`id`,`bat_id`,`date_opened`,`description`,`date_closed`,`title`,`reason_closed`) VALUES 
 (23,41,'2007-07-26 00:00:00','close treatment, monitor',NULL,'observation',NULL),
 (24,67,'2007-07-26 00:00:00','close treatment,monitor','2007-08-10 00:00:00','monitor',NULL),
 (25,4,'2007-07-26 00:00:00','close treatment,monitor',NULL,'monitor',NULL),
 (26,80,'2007-07-27 00:00:00','was found on the ground, potentially stepped on, might not be acting normally','2007-08-03 00:00:00','not flying',NULL),
 (27,35,'2007-07-31 12:23:05','Eye under pressure',NULL,'Left side of face swollen',NULL),
 (28,15,'2007-08-01 10:00:42','','2007-08-03 00:00:00','weak, diarrhea, give 0.15cc bactrim',NULL),
 (29,12,'2007-08-06 00:00:00','was drained today; start 0.15cc Bactrim','2007-08-10 00:00:00','facial abscess',NULL),
 (30,19,'2007-08-06 16:52:02','open/scabbing over wound on right wing',NULL,'wing wound',NULL),
 (31,52,'2007-08-13 17:51:37','pus & dried blood was squeezed from nose',NULL,'nose abscesses',NULL);
/*!40000 ALTER TABLE `medical_problems` ENABLE KEYS */;


--
-- Definition of table `medical_treatments`
--

DROP TABLE IF EXISTS `medical_treatments`;
CREATE TABLE `medical_treatments` (
  `id` int(10) unsigned NOT NULL auto_increment,
  `title` varchar(45) NOT NULL,
  `medical_problem_id` int(10) unsigned default NULL,
  `date_opened` date NOT NULL,
  `date_closed` date default NULL,
  PRIMARY KEY  (`id`)
) ENGINE=InnoDB DEFAULT CHARSET=latin1;

--
-- Dumping data for table `medical_treatments`
--

/*!40000 ALTER TABLE `medical_treatments` DISABLE KEYS */;
INSERT INTO `medical_treatments` (`id`,`title`,`medical_problem_id`,`date_opened`,`date_closed`) VALUES 
 (1,'0.15 cc Bactrim',1,'2007-06-11','2007-07-26'),
 (2,'0.15 cc Bactrim',1,'2007-06-11','2007-06-11'),
 (3,'Currently no treatment is necessary. Monitor ',2,'2006-12-19',NULL),
 (4,'0.15cc Bactrim.',3,'2007-04-30','2007-07-26'),
 (5,'Monitor status. Make sure infection doesn\'t r',4,'2007-05-15','2007-06-15'),
 (6,'observation',5,'2007-05-15','2007-07-16'),
 (7,'Monitor status. If weight drops we\'ll need to',6,'2007-06-13',NULL),
 (8,'Currently under observation',7,'2007-06-13','2007-06-28'),
 (9,'Metacam 0.03cc as needed for a maximum of 2 d',8,'2007-06-13','2007-06-15'),
 (10,'Bactrim (orally).  Baytril (injected)',9,'2007-06-05','2007-06-14'),
 (11,'0.15 cc Bactrim',8,'2007-06-15','2007-07-16'),
 (12,'topical antibiotics on torn wing',8,'2007-06-15','2007-06-29'),
 (13,'No current treatment- monitor head abscess',10,'2007-06-15','2007-07-13'),
 (14,'topical antibiotics on eye and all around',11,'2007-06-15','2007-06-18'),
 (15,'topical antibiotics on eye and all around PM',11,'2007-06-15','2007-06-18');
INSERT INTO `medical_treatments` (`id`,`title`,`medical_problem_id`,`date_opened`,`date_closed`) VALUES 
 (16,'0.15 cc Bactrim',11,'2007-06-15','2007-06-18'),
 (17,'0.15 cc Bactrim PM',11,'2007-06-15','2007-06-18'),
 (18,'0.15 cc Bactrim',13,'2007-06-20','2007-06-30'),
 (19,'puppy formula through 1 CC syringe as needed',14,'2007-06-29','2007-07-18'),
 (20,'0.15cc Bactrim',15,'2007-07-02','2007-07-10'),
 (21,'0.15cc Bactrim',16,'2007-07-03','2007-07-13'),
 (22,'puppy formula second dose',14,'2007-07-03','2007-07-13'),
 (23,'.1 cc Bactrim',17,'2007-07-05','2007-07-09'),
 (24,'0.15 cc Bactrim',18,'2007-07-09','2007-07-24'),
 (25,'0.15 cc Bactrim',19,'2007-07-09','2007-07-09'),
 (26,'Observation. We expect bat to heal on its own',20,'2007-07-13','2007-08-01'),
 (27,'drain head abscess if needed',10,'2007-07-13',NULL),
 (28,'0.15 cc Bactrim',5,'2007-07-16','2007-07-26'),
 (29,'observe/monitor wing growth',8,'2007-07-16',NULL),
 (30,'drain, 0.15cc bactrim',21,'2007-07-23',NULL),
 (31,'no treatment, monitor',22,'2007-07-26',NULL),
 (32,'no treatment, monitor',23,'2007-07-26',NULL);
INSERT INTO `medical_treatments` (`id`,`title`,`medical_problem_id`,`date_opened`,`date_closed`) VALUES 
 (33,'no treatment, monitor',24,'2007-07-26','2007-08-10'),
 (34,'no treatment, monitor',25,'2007-07-26',NULL),
 (35,'0.15cc Bactrim, feed separately',26,'2007-07-27','2007-08-03'),
 (36,'0.15 cc Bactrim',27,'2007-07-31',NULL),
 (37,'0.15cc bactrim',28,'2007-08-01','2007-08-02'),
 (38,'0.15cc bactrim second dose',28,'2007-08-01','2007-08-02'),
 (39,'0.15 cc Bactrim second dosage',27,'2007-08-01',NULL),
 (40,'.04 cc Baytril + Ringer\'s injected sub cu',28,'2007-08-02','2007-08-03'),
 (41,'.04 cc Baytril + Ringer\'s second dose',28,'2007-08-02','2007-08-03'),
 (42,'0.15cc Bactrim',29,'2007-08-06','2007-08-10'),
 (43,'topical antibiotic',30,'2007-08-06','2007-08-06'),
 (44,'monitor and topical antibiotic ',30,'2007-08-06','2007-08-13'),
 (45,'drain knee abcess',7,'2007-08-07',NULL),
 (46,'0.15cc Bactrim daily',31,'2007-08-13',NULL);
/*!40000 ALTER TABLE `medical_treatments` ENABLE KEYS */;


--
-- Definition of table `rooms`
--

DROP TABLE IF EXISTS `rooms`;
CREATE TABLE `rooms` (
  `id` int(10) unsigned NOT NULL auto_increment,
  `name` varchar(45) NOT NULL,
  PRIMARY KEY  (`id`)
) ENGINE=InnoDB DEFAULT CHARSET=latin1;

--
-- Dumping data for table `rooms`
--

/*!40000 ALTER TABLE `rooms` DISABLE KEYS */;
INSERT INTO `rooms` (`id`,`name`) VALUES 
 (1,'Belfry (4102F)'),
 (2,'Colony (4100)'),
 (3,'Fruit & Nectar Flight Cage (4148L)');
/*!40000 ALTER TABLE `rooms` ENABLE KEYS */;


--
-- Definition of table `species`
--

DROP TABLE IF EXISTS `species`;
CREATE TABLE `species` (
  `id` int(10) unsigned NOT NULL auto_increment,
  `name` varchar(45) NOT NULL,
  `lower_weight_limit` float NOT NULL,
  `upper_weight_limit` float NOT NULL,
  PRIMARY KEY  (`id`)
) ENGINE=InnoDB DEFAULT CHARSET=latin1;

--
-- Dumping data for table `species`
--

/*!40000 ALTER TABLE `species` DISABLE KEYS */;
INSERT INTO `species` (`id`,`name`,`lower_weight_limit`,`upper_weight_limit`) VALUES 
 (2,'Eptesicus fuscus',11,19),
 (3,'Myotis septentrionalis',5,10),
 (4,'Carollia perspicillata',15,22);
/*!40000 ALTER TABLE `species` ENABLE KEYS */;


--
-- Definition of table `task_census`
--

DROP TABLE IF EXISTS `task_census`;
CREATE TABLE `task_census` (
  `id` int(10) unsigned NOT NULL auto_increment,
  `date` date NOT NULL,
  `internal_description` varchar(45) NOT NULL,
  `date_done` date default NULL,
  `room_id` int(10) unsigned NOT NULL,
  `task_id` int(10) unsigned NOT NULL,
  PRIMARY KEY  (`id`)
) ENGINE=InnoDB DEFAULT CHARSET=latin1;

--
-- Dumping data for table `task_census`
--

/*!40000 ALTER TABLE `task_census` DISABLE KEYS */;
INSERT INTO `task_census` (`id`,`date`,`internal_description`,`date_done`,`room_id`,`task_id`) VALUES 
 (1,'2007-06-05','change_water',NULL,1,1),
 (2,'2007-06-06','change_water',NULL,1,1),
 (3,'2007-06-07','change_water',NULL,1,1),
 (4,'2007-06-08','change_water',NULL,1,1),
 (5,'2007-06-09','change_water',NULL,1,1),
 (6,'2007-06-10','change_water',NULL,1,1),
 (7,'2007-06-11','change_water','2007-06-11',1,1),
 (8,'2007-06-12','change_water',NULL,1,1),
 (10,'2007-06-13','weigh',NULL,1,2),
 (11,'2007-06-13','weigh',NULL,1,10),
 (13,'2007-06-13','weigh',NULL,1,40),
 (14,'2007-06-13','weigh',NULL,1,62),
 (15,'2007-06-14','weigh',NULL,1,2),
 (16,'2007-06-14','weigh',NULL,1,10),
 (17,'2007-06-14','weigh',NULL,1,40),
 (18,'2007-06-15','weigh',NULL,1,2),
 (19,'2007-06-15','weigh',NULL,1,10),
 (20,'2007-06-15','weigh',NULL,1,40),
 (21,'2007-06-16','weigh',NULL,1,2),
 (22,'2007-06-16','weigh',NULL,1,10),
 (23,'2007-06-16','weigh',NULL,1,40),
 (24,'2007-06-17','weigh',NULL,1,2),
 (25,'2007-06-17','weigh',NULL,1,10),
 (26,'2007-06-17','weigh',NULL,1,40);
INSERT INTO `task_census` (`id`,`date`,`internal_description`,`date_done`,`room_id`,`task_id`) VALUES 
 (27,'2007-06-18','weigh',NULL,1,2),
 (28,'2007-06-18','weigh',NULL,1,10),
 (29,'2007-06-18','weigh',NULL,1,40),
 (30,'2007-06-19','weigh',NULL,1,2),
 (31,'2007-06-19','weigh',NULL,1,10),
 (32,'2007-06-19','weigh',NULL,1,40),
 (33,'2007-06-20','weigh',NULL,1,2),
 (34,'2007-06-20','weigh',NULL,1,10),
 (35,'2007-06-20','weigh',NULL,1,40),
 (36,'2007-06-21','weigh',NULL,1,2),
 (37,'2007-06-21','weigh',NULL,1,10),
 (38,'2007-06-21','weigh',NULL,1,40),
 (39,'2007-06-22','weigh',NULL,1,2),
 (40,'2007-06-22','weigh',NULL,1,10),
 (41,'2007-06-22','weigh',NULL,1,40),
 (42,'2007-06-23','weigh',NULL,1,2),
 (43,'2007-06-23','weigh',NULL,1,10),
 (44,'2007-06-23','weigh',NULL,1,40),
 (45,'2007-06-24','weigh',NULL,1,2),
 (46,'2007-06-24','weigh',NULL,1,10),
 (47,'2007-06-24','weigh',NULL,1,40),
 (48,'2007-06-25','weigh',NULL,1,2),
 (49,'2007-06-25','weigh',NULL,1,10),
 (50,'2007-06-25','weigh',NULL,1,40),
 (51,'2007-06-26','weigh',NULL,1,2);
INSERT INTO `task_census` (`id`,`date`,`internal_description`,`date_done`,`room_id`,`task_id`) VALUES 
 (52,'2007-06-26','weigh',NULL,1,10),
 (53,'2007-06-26','weigh',NULL,1,40),
 (54,'2007-06-29','weigh',NULL,1,2),
 (55,'2007-06-29','weigh',NULL,1,10),
 (56,'2007-06-29','weigh',NULL,1,40),
 (60,'2007-06-30','weigh',NULL,1,120),
 (61,'2007-06-30','weigh',NULL,1,121),
 (62,'2007-06-30','weigh',NULL,1,122),
 (63,'2007-06-30','weigh',NULL,1,123),
 (64,'2007-06-30','weigh',NULL,1,124),
 (65,'2007-06-30','weigh',NULL,1,125),
 (66,'2007-06-30','weigh',NULL,1,126),
 (67,'2007-06-30','weigh',NULL,1,127),
 (68,'2007-06-30','weigh',NULL,1,128),
 (69,'2007-06-30','weigh',NULL,1,129),
 (70,'2007-06-30','weigh',NULL,1,130),
 (71,'2007-06-30','weigh',NULL,1,131),
 (72,'2007-06-30','weigh',NULL,1,132),
 (73,'2007-06-30','weigh',NULL,1,133),
 (74,'2007-06-30','weigh',NULL,1,134),
 (75,'2007-07-02','weigh',NULL,1,120),
 (76,'2007-07-02','weigh',NULL,1,125),
 (77,'2007-07-02','weigh',NULL,1,130),
 (78,'2007-07-02','weigh',NULL,2,142),
 (79,'2007-07-02','weigh',NULL,2,143);
INSERT INTO `task_census` (`id`,`date`,`internal_description`,`date_done`,`room_id`,`task_id`) VALUES 
 (80,'2007-07-02','weigh',NULL,2,144),
 (81,'2007-07-03','weigh',NULL,1,121),
 (82,'2007-07-03','weigh',NULL,1,126),
 (83,'2007-07-03','weigh',NULL,1,131),
 (84,'2007-07-04','weigh',NULL,1,122),
 (85,'2007-07-04','weigh',NULL,1,127),
 (86,'2007-07-04','weigh',NULL,1,132),
 (87,'2007-07-04','weigh',NULL,2,143),
 (88,'2007-07-05','weigh',NULL,1,123),
 (89,'2007-07-05','weigh',NULL,1,128),
 (90,'2007-07-05','weigh',NULL,1,133),
 (91,'2007-07-06','weigh',NULL,1,124),
 (92,'2007-07-06','weigh',NULL,1,129),
 (93,'2007-07-06','weigh',NULL,1,134),
 (94,'2007-07-06','weigh','2007-07-05',2,144),
 (95,'2007-07-09','weigh',NULL,1,120),
 (96,'2007-07-09','weigh',NULL,1,125),
 (97,'2007-07-09','weigh',NULL,1,130),
 (98,'2007-07-09','weigh',NULL,2,142),
 (101,'2007-07-10','weigh',NULL,1,121),
 (102,'2007-07-10','weigh',NULL,1,126),
 (103,'2007-07-10','weigh',NULL,1,131),
 (104,'2007-07-11','weigh',NULL,1,122),
 (105,'2007-07-11','weigh',NULL,1,127);
INSERT INTO `task_census` (`id`,`date`,`internal_description`,`date_done`,`room_id`,`task_id`) VALUES 
 (106,'2007-07-11','weigh',NULL,1,132),
 (107,'2007-07-11','weigh',NULL,2,143),
 (108,'2007-07-12','weigh',NULL,1,123),
 (109,'2007-07-12','weigh',NULL,1,128),
 (110,'2007-07-12','weigh',NULL,1,133),
 (111,'2007-07-13','weigh',NULL,1,124),
 (112,'2007-07-13','weigh',NULL,1,129),
 (113,'2007-07-13','weigh',NULL,1,134),
 (114,'2007-07-13','weigh',NULL,2,144),
 (115,'2007-07-13','weigh',NULL,2,182),
 (116,'2007-07-13','weigh',NULL,2,183),
 (117,'2007-07-16','weigh',NULL,1,120),
 (118,'2007-07-16','weigh',NULL,1,130),
 (119,'2007-07-17','weigh',NULL,1,121),
 (120,'2007-07-17','weigh',NULL,1,131),
 (121,'2007-07-17','weigh',NULL,2,182),
 (122,'2007-07-18','weigh',NULL,1,122),
 (123,'2007-07-18','weigh',NULL,1,132),
 (124,'2007-07-18','weigh',NULL,2,203),
 (125,'2007-07-18','weigh',NULL,2,204),
 (126,'2007-07-19','weigh',NULL,1,123),
 (127,'2007-07-19','weigh',NULL,1,133),
 (128,'2007-07-19','weigh',NULL,2,183),
 (129,'2007-07-19','weigh','2007-07-18',2,204);
INSERT INTO `task_census` (`id`,`date`,`internal_description`,`date_done`,`room_id`,`task_id`) VALUES 
 (130,'2007-07-20','weigh',NULL,1,124),
 (131,'2007-07-20','weigh',NULL,1,134),
 (132,'2007-07-23','weigh',NULL,1,120),
 (133,'2007-07-23','weigh',NULL,1,130),
 (134,'2007-07-24','weigh',NULL,1,121),
 (135,'2007-07-24','weigh',NULL,1,131),
 (136,'2007-07-24','weigh',NULL,2,182),
 (137,'2007-07-24','weigh','2007-07-23',2,203),
 (138,'2007-07-25','weigh',NULL,1,122),
 (139,'2007-07-25','weigh',NULL,1,132),
 (140,'2007-07-26','weigh',NULL,1,123),
 (141,'2007-07-26','weigh',NULL,1,133),
 (142,'2007-07-26','weigh',NULL,2,183),
 (143,'2007-07-26','weigh','2007-07-25',2,204),
 (144,'2007-07-27','weigh',NULL,1,124),
 (145,'2007-07-27','weigh',NULL,1,134),
 (146,'2007-07-30','weigh',NULL,1,120),
 (147,'2007-07-30','weigh',NULL,1,130),
 (148,'2007-07-31','weigh',NULL,1,121),
 (149,'2007-07-31','weigh',NULL,1,131),
 (150,'2007-07-31','weigh',NULL,2,182),
 (151,'2007-07-31','weigh','2007-07-30',2,203),
 (152,'2007-08-01','weigh',NULL,1,122);
INSERT INTO `task_census` (`id`,`date`,`internal_description`,`date_done`,`room_id`,`task_id`) VALUES 
 (153,'2007-08-01','weigh',NULL,1,132),
 (154,'2007-08-02','weigh',NULL,1,123),
 (155,'2007-08-02','weigh',NULL,1,133),
 (156,'2007-08-02','weigh',NULL,2,183),
 (157,'2007-08-02','weigh','2007-08-01',2,204),
 (158,'2007-08-03','weigh',NULL,1,124),
 (159,'2007-08-03','weigh',NULL,1,134),
 (160,'2007-08-06','weigh',NULL,1,120),
 (161,'2007-08-06','weigh',NULL,1,130),
 (162,'2007-08-07','weigh',NULL,1,121),
 (163,'2007-08-07','weigh',NULL,1,131),
 (164,'2007-08-07','weigh',NULL,2,182),
 (165,'2007-08-07','weigh','2007-08-06',2,203),
 (166,'2007-08-08','weigh',NULL,1,122),
 (167,'2007-08-08','weigh',NULL,1,132),
 (168,'2007-08-09','weigh',NULL,1,123),
 (169,'2007-08-09','weigh',NULL,1,133),
 (170,'2007-08-09','weigh','2007-08-08',2,183),
 (171,'2007-08-09','weigh','2007-08-08',2,204),
 (172,'2007-08-10','weigh',NULL,1,124),
 (173,'2007-08-10','weigh',NULL,1,134),
 (174,'2007-08-13','weigh',NULL,1,120),
 (175,'2007-08-13','weigh',NULL,1,130);
INSERT INTO `task_census` (`id`,`date`,`internal_description`,`date_done`,`room_id`,`task_id`) VALUES 
 (176,'2007-08-14','weigh',NULL,1,121),
 (177,'2007-08-14','weigh',NULL,1,131),
 (178,'2007-08-14','weigh','2007-08-13',2,182),
 (179,'2007-08-14','weigh','2007-08-13',2,203),
 (180,'2007-08-15','weigh',NULL,1,122),
 (181,'2007-08-15','weigh',NULL,1,132),
 (182,'2007-08-16','weigh',NULL,1,123),
 (183,'2007-08-16','weigh',NULL,1,133),
 (184,'2007-08-16','weigh','2007-08-15',2,183),
 (185,'2007-08-16','weigh',NULL,2,204),
 (186,'2007-08-17','weigh',NULL,1,124),
 (187,'2007-08-17','weigh',NULL,1,134),
 (188,'2007-08-17','weigh',NULL,1,302),
 (189,'2007-08-17','weigh',NULL,1,303),
 (190,'2007-08-17','weigh',NULL,1,304),
 (191,'2007-08-17','weigh',NULL,1,305),
 (192,'2007-08-17','weigh',NULL,1,306),
 (193,'2007-08-17','weigh',NULL,1,307),
 (194,'2007-08-17','weigh',NULL,1,308),
 (195,'2007-08-17','weigh',NULL,1,309),
 (196,'2007-08-17','weigh',NULL,1,310),
 (197,'2007-08-17','weigh',NULL,1,311),
 (198,'2007-08-17','weigh',NULL,1,312);
INSERT INTO `task_census` (`id`,`date`,`internal_description`,`date_done`,`room_id`,`task_id`) VALUES 
 (199,'2007-08-17','weigh',NULL,1,313),
 (200,'2007-08-17','weigh',NULL,1,314),
 (201,'2007-08-17','weigh',NULL,1,315),
 (202,'2007-08-20','weigh',NULL,1,307),
 (203,'2007-08-20','weigh',NULL,1,312);
/*!40000 ALTER TABLE `task_census` ENABLE KEYS */;


--
-- Definition of table `task_histories`
--

DROP TABLE IF EXISTS `task_histories`;
CREATE TABLE `task_histories` (
  `id` int(10) unsigned NOT NULL auto_increment,
  `task_id` int(10) unsigned NOT NULL,
  `date_done` datetime NOT NULL,
  `remarks` text NOT NULL,
  `user_id` int(10) unsigned NOT NULL,
  `fed` int(10) unsigned default NULL,
  `weight_id` int(10) unsigned default NULL,
  PRIMARY KEY  (`id`)
) ENGINE=InnoDB DEFAULT CHARSET=utf8;

--
-- Dumping data for table `task_histories`
--

/*!40000 ALTER TABLE `task_histories` DISABLE KEYS */;
INSERT INTO `task_histories` (`id`,`task_id`,`date_done`,`remarks`,`user_id`,`fed`,`weight_id`) VALUES 
 (1,1,'2007-06-11 19:38:16','',1,NULL,NULL),
 (2,6,'2007-06-13 10:22:00','Sweaty. Wound drying nicely, scab coming off.',3,NULL,39),
 (3,14,'2007-06-13 10:28:00','0.15cc Bactrim. Small amount of pus came out of localized area under right eye.',3,NULL,40),
 (4,22,'2007-06-13 10:39:00','Looks good. Keep eye on surgical site for changes.',3,NULL,41),
 (5,29,'2007-06-13 10:52:00','no change in condition',3,NULL,43),
 (6,36,'2007-06-13 10:53:00','0.15cc Bactrim and fed separately. No visible abscess in face. ',3,NULL,44),
 (7,44,'2007-06-13 10:59:00','fed some extra white worms. No change in condition. Bat eats slowly but happily!',3,NULL,45),
 (8,51,'2007-06-13 11:07:00','Leg looks good. No treatment required. Keep monitoring. Bat highly agitated, handle extra-gently.',3,NULL,46),
 (9,58,'2007-06-13 14:40:00','Applied topical antibiotic on right wing. Administered 0.03cc Metacam for pain relief. Called Dr Hall. She\'ll check on bat tonight or tomorrow morning. Apply vetbond??',3,NULL,47),
 (10,38,'2007-06-15 14:48:00','watch weight after eating',8,NULL,85);
INSERT INTO `task_histories` (`id`,`task_id`,`date_done`,`remarks`,`user_id`,`fed`,`weight_id`) VALUES 
 (11,68,'2007-06-15 14:53:00','blood on bottom pad',8,NULL,86),
 (12,75,'2007-06-15 14:54:00','',8,NULL,NULL),
 (13,75,'2007-06-15 14:54:00','',8,NULL,87),
 (14,8,'2007-06-15 14:55:00','scab fell off, wound looks healed',8,NULL,89),
 (15,16,'2007-06-15 14:57:00','',8,NULL,92),
 (16,31,'2007-06-15 14:58:00','same',8,NULL,93),
 (17,81,'2007-06-15 15:02:00','',8,NULL,94),
 (18,53,'2007-06-15 15:02:00','looks better, steady weight',8,NULL,95),
 (19,46,'2007-06-15 15:07:00','worms left over in cage- tried to feed extra worms but wouldn\'t eat',8,NULL,96),
 (20,87,'2007-06-15 15:21:00','',8,NULL,97),
 (21,99,'2007-06-15 15:22:00','',8,NULL,NULL),
 (22,93,'2007-06-15 19:20:00','',1,NULL,NULL),
 (23,105,'2007-06-15 19:20:00','',1,NULL,98),
 (24,39,'2007-06-16 12:02:00','',7,NULL,102),
 (25,17,'2007-06-16 12:06:00','',7,NULL,103),
 (26,10,'2007-06-15 15:02:00','',7,NULL,NULL),
 (27,69,'2007-06-16 12:08:00','',7,NULL,NULL),
 (28,76,'2007-06-16 12:09:00','',7,NULL,104);
INSERT INTO `task_histories` (`id`,`task_id`,`date_done`,`remarks`,`user_id`,`fed`,`weight_id`) VALUES 
 (29,11,'2007-06-17 11:41:00','',7,NULL,115),
 (30,33,'2007-06-17 11:49:00','',7,NULL,116),
 (31,70,'2007-06-17 11:57:00','',7,NULL,NULL),
 (32,65,'2007-06-17 11:57:00','',7,NULL,117),
 (33,4,'2007-06-18 16:45:00','looks fine',2,NULL,147),
 (34,2,'2007-06-18 16:45:00','',2,NULL,NULL),
 (35,63,'2007-06-18 16:53:00','0.15cc Bactrim, AB',2,NULL,NULL),
 (36,77,'2007-06-18 17:04:00','looks ok',2,NULL,149),
 (37,10,'2007-06-17 11:41:00','',2,NULL,NULL),
 (38,12,'2007-06-18 17:09:00','0.15cc Bactrim ',2,NULL,150),
 (39,10,'2007-06-18 17:04:00','',2,NULL,NULL),
 (40,34,'2007-06-18 17:22:00','0.15cc Bactrim',2,NULL,151),
 (41,27,'2007-06-18 17:23:00','same',2,NULL,152),
 (42,71,'2007-06-18 17:23:00','',2,NULL,148),
 (43,42,'2007-06-18 17:24:00','lots of worms left in the cage, tried to hand feed him',2,NULL,154),
 (44,40,'2007-06-18 17:24:00','',2,NULL,NULL),
 (45,49,'2007-06-18 17:31:00','looks real good!',2,NULL,155),
 (46,5,'2007-06-19 17:06:00','healing, maybe a little less sweaty',1,NULL,189);
INSERT INTO `task_histories` (`id`,`task_id`,`date_done`,`remarks`,`user_id`,`fed`,`weight_id`) VALUES 
 (47,2,'2007-06-19 17:06:00','',1,NULL,NULL),
 (48,13,'2007-06-19 17:10:00','eye a little watery',1,NULL,190),
 (49,10,'2007-06-18 17:04:00','',1,NULL,NULL),
 (50,78,'2007-06-19 17:13:00','drained some pus from surgical site',1,NULL,191),
 (51,10,'2007-06-19 17:10:00','',1,NULL,NULL),
 (52,35,'2007-06-19 17:19:00','',1,NULL,192),
 (53,28,'2007-06-19 17:22:00','',1,NULL,NULL),
 (54,43,'2007-06-19 17:23:00','better today',1,NULL,193),
 (55,40,'2007-06-19 17:23:00','',1,NULL,NULL),
 (56,50,'2007-06-19 17:25:00','hard abscess/growth at injury site',1,NULL,194),
 (57,64,'2007-06-19 17:27:00','Has torn more, now only connected at wing joint',1,NULL,NULL),
 (58,72,'2007-06-19 17:29:00','Has torn more, now only connected at wing joint',1,NULL,195),
 (59,6,'2007-06-20 08:23:00','Area where melanoma was removed looks healed. Bat less sweaty today. Skin on site of lesion looks darker than the rest. Keep eye on it. Keep eye on bald area on chest for possible lesions.',3,NULL,196),
 (60,2,'2007-06-20 08:23:00','',3,NULL,NULL);
INSERT INTO `task_histories` (`id`,`task_id`,`date_done`,`remarks`,`user_id`,`fed`,`weight_id`) VALUES 
 (61,14,'2007-06-20 08:28:00','0.15cc Bactrim. Bat sleepy (probably just due to the early time of day, but keep eye on activity level). No pus.',3,NULL,197),
 (62,10,'2007-06-19 17:13:00','',3,NULL,NULL),
 (63,79,'2007-06-20 08:31:00','looks good, maybe a bit too skinny. Keep eye on weight.',3,NULL,198),
 (64,10,'2007-06-20 08:28:00','',3,NULL,NULL),
 (65,29,'2007-06-20 08:33:00','No change in condition.Gums horribly swollen.Looking at the After Eating weight from yesterday, bat obviously eating with appetite. Keep monitoring.',3,NULL,199),
 (66,36,'2007-06-20 08:35:00','0.15cc Bactrim and brushed teeth with new toothbrush.',3,NULL,200),
 (67,44,'2007-06-20 08:39:00','Brushed the few teeth bat has. Few worms left in cage. Gave a few white worms in dish.',3,NULL,201),
 (68,40,'2007-06-20 08:39:00','',3,NULL,NULL),
 (69,66,'2007-06-20 08:44:00','Whole section of wing membrane gone. A patch of dry membrane hanging from joint. Considered removing it, but I figured it might fall off on its own. I removed bat\'s band since it seemed to be aggravating the problem. Bat extremely sweaty. 0.15cc Bactrim and 0.03cc Metacam,topical antibiotics. Fed some worms while preparing treatment.',3,NULL,NULL),
 (70,73,'2007-06-20 08:54:00','',3,NULL,202);
INSERT INTO `task_histories` (`id`,`task_id`,`date_done`,`remarks`,`user_id`,`fed`,`weight_id`) VALUES 
 (71,51,'2007-06-20 09:01:00','looks good',3,NULL,204),
 (72,108,'2007-06-20 16:43:00','drained today',5,NULL,224),
 (73,2,'2007-06-21 11:42:28','',6,NULL,NULL),
 (74,15,'2007-06-21 11:47:00','',6,NULL,261),
 (75,7,'2007-06-21 11:50:00','ok',6,NULL,260),
 (76,2,'2007-06-21 11:50:00','',6,NULL,NULL),
 (77,80,'2007-06-21 11:53:00','',6,NULL,262),
 (78,10,'2007-06-21 11:47:00','',6,NULL,NULL),
 (79,37,'2007-06-21 11:56:00','0.15cc bactrim',6,NULL,263),
 (80,30,'2007-06-21 12:00:00','same condition',6,NULL,264),
 (81,45,'2007-06-21 12:04:00','worm left,brushed teeth',6,NULL,265),
 (82,40,'2007-06-21 12:04:00','',6,NULL,NULL),
 (83,52,'2007-06-21 12:08:00','good',6,NULL,266),
 (84,67,'2007-06-21 12:18:00','sweaty,0.05ccbactrim,0.03cc metacam\r\ntropical ab',6,NULL,NULL),
 (85,109,'2007-06-21 14:04:00','drained abscess; pus above left nostril, too',5,NULL,273),
 (86,74,'2007-06-21 15:44:00','',1,NULL,NULL),
 (87,110,'2007-06-22 15:51:00','very little/nothing came out when drained',5,NULL,313);
INSERT INTO `task_histories` (`id`,`task_id`,`date_done`,`remarks`,`user_id`,`fed`,`weight_id`) VALUES 
 (88,8,'2007-06-22 17:01:00','still a little sweaty, scar where lesion used to be',1,NULL,320),
 (89,2,'2007-06-22 17:01:00','',1,NULL,NULL),
 (90,81,'2007-06-22 17:06:00','some pus drained',1,NULL,321),
 (91,16,'2007-06-22 17:06:00','right eye had some gunk below it',1,NULL,322),
 (92,10,'2007-06-22 17:06:00','',1,NULL,NULL),
 (93,31,'2007-06-22 17:11:00','',1,NULL,323),
 (94,38,'2007-06-22 17:12:00','drained pus',1,NULL,324),
 (95,46,'2007-06-22 17:14:00','worms left, gums look horrible',1,NULL,325),
 (96,40,'2007-06-22 17:14:00','',1,NULL,NULL),
 (97,53,'2007-06-22 17:16:00','just a small bump where abscess used to be',1,NULL,326),
 (98,68,'2007-06-22 17:19:00','',1,NULL,NULL),
 (99,75,'2007-06-22 17:22:00','',1,NULL,NULL),
 (100,17,'2007-06-23 16:41:00','',7,NULL,NULL),
 (101,39,'2007-06-23 16:50:00','',7,NULL,329),
 (102,69,'2007-06-23 16:55:00','very sweaty',7,NULL,NULL),
 (103,76,'2007-06-23 16:59:00','',7,NULL,330),
 (104,111,'2007-06-23 17:01:00','',7,NULL,331);
INSERT INTO `task_histories` (`id`,`task_id`,`date_done`,`remarks`,`user_id`,`fed`,`weight_id`) VALUES 
 (105,11,'2007-06-24 08:53:00','',7,NULL,332),
 (106,33,'2007-06-24 09:00:00','',7,NULL,333),
 (107,65,'2007-06-24 09:05:00','very sweaty',7,NULL,NULL),
 (108,70,'2007-06-24 09:11:00','',7,NULL,334),
 (109,112,'2007-06-24 09:11:00','',7,NULL,335),
 (110,106,'2007-06-25 16:23:00','nothing from abscess\r\n',11,NULL,365),
 (111,4,'2007-06-25 16:26:00','',2,NULL,367),
 (112,2,'2007-06-25 16:26:00','',2,NULL,NULL),
 (113,12,'2007-06-25 16:30:00','drained a little',2,NULL,368),
 (114,77,'2007-06-25 16:35:00','',2,NULL,369),
 (115,10,'2007-06-25 16:30:00','',2,NULL,NULL),
 (116,27,'2007-06-25 16:39:00','',2,NULL,374),
 (117,34,'2007-06-25 16:40:00','drained face, gums don\'t look good',2,NULL,375),
 (118,42,'2007-06-25 16:46:00','seemingly all worms left, seems unable to close mouth around worm',2,NULL,376),
 (119,40,'2007-06-25 16:46:00','',2,NULL,NULL),
 (120,49,'2007-06-25 16:59:00','looking good',2,NULL,377),
 (121,63,'2007-06-25 17:03:00','wing is hanging off, very sweaty',2,NULL,NULL);
INSERT INTO `task_histories` (`id`,`task_id`,`date_done`,`remarks`,`user_id`,`fed`,`weight_id`) VALUES 
 (122,71,'2007-06-25 17:06:00','',2,NULL,378),
 (123,7,'2007-06-28 14:23:00','hair loss under neck, sweaty',8,NULL,402),
 (124,2,'2007-06-28 14:23:00','',8,NULL,NULL),
 (125,80,'2007-06-28 14:26:00','drained, when pushed on muzzle, pus came out thru surgical hole',8,NULL,403),
 (126,15,'2007-06-28 14:30:00','visible abscess',8,NULL,404),
 (127,10,'2007-06-28 14:26:00','',8,NULL,NULL),
 (128,30,'2007-06-28 14:34:00','sweaty',8,NULL,405),
 (129,37,'2007-06-28 14:36:00','both eyes very watery, sweaty, fed extra worms but has a hard time eating, drained a little',8,NULL,406),
 (130,45,'2007-06-28 14:41:00','tried to feed by hand, won\'t eat',8,NULL,407),
 (131,40,'2007-06-28 14:41:00','',8,NULL,NULL),
 (132,67,'2007-06-28 14:46:00','torn membrane fell off, wing looks a little better',8,NULL,NULL),
 (133,74,'2007-06-28 14:51:00','',8,NULL,NULL),
 (134,110,'2007-06-29 09:10:00','medicated on June 26 & 27, but not on June 28.',5,NULL,434),
 (135,8,'2007-06-29 17:18:00','very sweaty',2,NULL,466);
INSERT INTO `task_histories` (`id`,`task_id`,`date_done`,`remarks`,`user_id`,`fed`,`weight_id`) VALUES 
 (136,2,'2007-06-29 17:18:00','',2,NULL,NULL),
 (137,16,'2007-06-29 17:20:00','',2,NULL,467),
 (138,81,'2007-06-29 17:24:00','lots of pus drained',2,NULL,468),
 (139,10,'2007-06-29 17:20:00','',2,NULL,NULL),
 (140,31,'2007-06-29 17:29:00','some pus drained from nose',2,NULL,469),
 (141,38,'2007-06-29 17:35:00','sweaty',2,NULL,470),
 (142,46,'2007-06-29 17:43:00','still more worms for it to eat',2,NULL,471),
 (143,40,'2007-06-29 17:43:00','',2,NULL,NULL),
 (144,118,'2007-06-29 14:00:00','',2,NULL,433),
 (145,68,'2007-06-29 17:46:00','sweaty',2,NULL,472),
 (146,17,'2007-06-30 11:33:00','',7,NULL,476),
 (147,39,'2007-06-30 11:40:00','',7,NULL,477),
 (148,69,'2007-06-30 11:45:00','very sweaty',7,NULL,478),
 (149,119,'2007-06-30 13:01:00','',7,NULL,479),
 (150,11,'2007-07-01 07:37:00','',7,NULL,484),
 (151,124,'2007-06-29 17:24:00','',7,NULL,NULL),
 (152,33,'2007-07-01 07:49:00','',7,NULL,485),
 (153,129,'2007-06-29 17:18:00','',7,NULL,NULL);
INSERT INTO `task_histories` (`id`,`task_id`,`date_done`,`remarks`,`user_id`,`fed`,`weight_id`) VALUES 
 (154,65,'2007-07-01 07:53:00','',7,NULL,486),
 (155,113,'2007-07-01 08:00:00','',7,NULL,487),
 (156,4,'2007-07-02 15:42:00','',8,NULL,520),
 (157,34,'2007-07-02 15:43:00','sweaty, grumpy, horrible gums',8,NULL,521),
 (158,125,'2007-07-02 15:42:00','',8,NULL,NULL),
 (159,12,'2007-07-02 15:45:00','',8,NULL,522),
 (160,123,'2007-06-28 15:15:59','',8,NULL,NULL),
 (161,136,'2007-07-02 15:48:00','',8,NULL,523),
 (162,124,'2007-06-29 17:24:00','',8,NULL,NULL),
 (163,77,'2007-07-02 15:50:00','',8,NULL,524),
 (164,120,'2007-07-02 15:45:00','',8,NULL,NULL),
 (165,27,'2007-07-02 15:53:00','',8,NULL,525),
 (166,42,'2007-07-02 15:53:00','',8,NULL,526),
 (167,130,'2007-07-02 15:53:00','',8,NULL,NULL),
 (168,63,'2007-07-02 16:00:00','sweaty',8,NULL,527),
 (169,5,'2007-07-03 15:14:00','tumor looks good (just a scar), still sweaty around the neck',1,NULL,547),
 (170,125,'2007-07-02 15:43:00','',1,NULL,NULL),
 (171,35,'2007-07-03 15:16:00','drained pus from both sides of face, struggles to take meds because gums are so bad',1,NULL,548);
INSERT INTO `task_histories` (`id`,`task_id`,`date_done`,`remarks`,`user_id`,`fed`,`weight_id`) VALUES 
 (172,126,'2007-07-03 15:14:00','',1,NULL,NULL),
 (173,13,'2007-07-03 15:23:00','drained pus from both sides of face, face was really dirty',1,NULL,549),
 (174,120,'2007-07-02 15:48:00','',1,NULL,NULL),
 (175,137,'2007-07-03 15:26:00','face dirty, cleaned, drained from both sides of face',1,NULL,550),
 (176,120,'2007-07-02 15:50:00','',1,NULL,NULL),
 (177,78,'2007-07-03 15:34:00','drained from around surgical site',1,NULL,551),
 (178,121,'2007-07-03 15:23:00','',1,NULL,NULL),
 (179,28,'2007-07-03 15:37:00','ate some worms, but not all, keep eye on weight',1,NULL,552),
 (180,43,'2007-07-03 15:41:00','',1,NULL,553),
 (181,131,'2007-07-03 15:41:00','',1,NULL,NULL),
 (182,64,'2007-07-03 15:43:00','sweaty, hole on other wing (left) might be getting bigger, right wing looks better',1,NULL,554),
 (183,115,'2007-07-03 15:46:00','fed 1.3 CC fresh puppy formula, did not take mealworms (9.3 after feeding)',1,NULL,555),
 (184,147,'2007-07-03 21:34:00','Meds actually given at 10:00 AM, but Mohit did not record it at the time of surgery. I recorded before I left for the evening.',10,NULL,537);
INSERT INTO `task_histories` (`id`,`task_id`,`date_done`,`remarks`,`user_id`,`fed`,`weight_id`) VALUES 
 (185,116,'2007-07-04 11:31:00','fed a few worms and some formula, seemed like she hadnt eatten worms from her dish',2,NULL,559),
 (186,6,'2007-07-04 12:50:00','',2,NULL,560),
 (187,126,'2007-07-03 15:16:00','',2,NULL,NULL),
 (188,127,'2007-07-04 12:50:00','',2,NULL,NULL),
 (189,138,'2007-07-04 12:57:00','bactrim',2,NULL,562),
 (190,121,'2007-07-03 15:23:00','',2,NULL,NULL),
 (191,79,'2007-07-04 12:58:00','less pus than before',2,NULL,563),
 (192,121,'2007-07-03 15:23:00','',2,NULL,NULL),
 (193,14,'2007-07-04 12:58:00','',2,NULL,564),
 (194,122,'2007-07-04 12:57:00','',2,NULL,NULL),
 (195,44,'2007-07-04 13:00:00','',2,NULL,565),
 (196,132,'2007-07-04 13:00:00','',2,NULL,NULL),
 (197,66,'2007-07-04 13:03:00','',2,NULL,566),
 (198,148,'2007-07-04 13:10:00','',2,NULL,568),
 (199,155,'2007-07-04 13:12:00','',2,NULL,569),
 (200,29,'2007-07-04 13:12:00','',2,NULL,570),
 (201,142,'2007-07-02 08:10:54','',1,NULL,NULL),
 (202,144,'2007-07-05 12:04:36','',1,NULL,NULL);
INSERT INTO `task_histories` (`id`,`task_id`,`date_done`,`remarks`,`user_id`,`fed`,`weight_id`) VALUES 
 (203,117,'2007-07-05 12:32:00','fed 3 white worms',1,NULL,NULL),
 (204,37,'2007-07-05 14:31:00','',8,NULL,604),
 (205,127,'2007-07-04 12:50:00','',8,NULL,NULL),
 (206,7,'2007-07-05 14:34:00','sweaty',8,NULL,605),
 (207,128,'2007-07-05 14:31:00','',8,NULL,NULL),
 (208,15,'2007-07-05 14:36:00','right eye crusty/watery',8,NULL,606),
 (209,122,'2007-07-04 12:57:00','',8,NULL,NULL),
 (210,80,'2007-07-05 14:38:00','',8,NULL,607),
 (211,122,'2007-07-04 12:57:00','',8,NULL,NULL),
 (212,139,'2007-07-05 14:40:00','',8,NULL,608),
 (213,123,'2007-07-05 14:36:00','',8,NULL,NULL),
 (214,30,'2007-07-05 14:44:00','',8,NULL,609),
 (215,45,'2007-07-05 14:45:00','',8,NULL,610),
 (216,133,'2007-07-05 14:45:00','',8,NULL,NULL),
 (217,67,'2007-07-05 14:48:00','very sweaty',8,NULL,611),
 (218,149,'2007-07-05 14:51:00','',8,NULL,612),
 (219,163,'2007-07-05 16:21:00','spat up a lot of the meds',1,NULL,577),
 (220,144,'2007-07-05 12:04:36','',1,NULL,NULL);
INSERT INTO `task_histories` (`id`,`task_id`,`date_done`,`remarks`,`user_id`,`fed`,`weight_id`) VALUES 
 (221,156,'2007-07-05 16:42:00','9.1 ',6,NULL,584),
 (222,118,'2007-07-06 07:11:00','fed formula, guts and a couple of regular worms. Eats avidly!',3,NULL,NULL),
 (223,164,'2007-07-06 11:11:00','',1,NULL,622),
 (224,31,'2007-07-06 11:49:00','',1,NULL,641),
 (225,8,'2007-07-06 11:50:00','',1,NULL,642),
 (226,16,'2007-07-06 11:53:00','',1,NULL,643),
 (227,81,'2007-07-06 11:56:00','',1,NULL,644),
 (228,38,'2007-07-06 11:59:00','',1,NULL,645),
 (229,129,'2007-07-06 11:50:00','',1,NULL,NULL),
 (230,46,'2007-07-06 11:59:00','',1,NULL,646),
 (231,134,'2007-07-06 11:59:00','',1,NULL,NULL),
 (232,68,'2007-07-06 12:01:00','',1,NULL,647),
 (233,140,'2007-07-06 12:06:00','',1,NULL,649),
 (234,124,'2007-07-06 11:53:00','',1,NULL,NULL),
 (235,150,'2007-07-06 16:56:00','',9,NULL,659),
 (236,157,'2007-07-06 16:57:00','eats whole worms, even some larger ones, had about 5 worms and some formula.  Didn\'t stay still long enough to get an accurate weight.  ',2,NULL,621),
 (237,17,'2007-07-07 17:39:00','',7,NULL,660);
INSERT INTO `task_histories` (`id`,`task_id`,`date_done`,`remarks`,`user_id`,`fed`,`weight_id`) VALUES 
 (238,141,'2007-07-07 17:44:00','',7,NULL,661),
 (239,39,'2007-07-07 17:51:00','',7,NULL,662),
 (240,69,'2007-07-07 17:55:00','',7,NULL,663),
 (241,151,'2007-07-07 17:59:00','',7,NULL,664),
 (242,119,'2007-07-07 18:05:00','',7,NULL,NULL),
 (243,165,'2007-07-07 18:13:00','',7,NULL,666),
 (244,158,'2007-07-07 18:25:00','after the first dose his weight was 9.2g',7,NULL,665),
 (245,113,'2007-07-08 11:09:00','',7,NULL,NULL),
 (246,11,'2007-07-08 11:16:00','',7,NULL,668),
 (247,135,'2007-07-08 11:19:00','',7,NULL,669),
 (248,65,'2007-07-08 11:26:00','',7,NULL,NULL),
 (249,33,'2007-07-08 11:29:00','',7,NULL,671),
 (250,145,'2007-07-08 11:34:00','',7,NULL,672),
 (251,159,'2007-07-08 11:37:00','',7,NULL,673),
 (252,152,'2007-07-08 11:50:00','8.9 g after the first dose and 9.3 g after the second dose of puppy formula',7,NULL,667),
 (253,114,'2007-07-09 11:42:00','Will get worm from dish sometimes with encouragement.  Has associated the tweezers with food and tries to eat them.  Good appetite and has calmed down a lot',2,NULL,NULL),
 (254,167,'2007-07-09 11:55:00','lanced and drained, some pus',6,NULL,694);
INSERT INTO `task_histories` (`id`,`task_id`,`date_done`,`remarks`,`user_id`,`fed`,`weight_id`) VALUES 
 (255,4,'2007-07-09 15:22:00','',8,NULL,703),
 (256,34,'2007-07-09 15:24:00','trouble taking meds, muzzle completely swollen, horrible gums',8,NULL,704),
 (257,125,'2007-07-09 15:22:00','',8,NULL,NULL),
 (258,77,'2007-07-09 15:31:00','',8,NULL,706),
 (259,136,'2007-07-09 15:32:00','',8,NULL,707),
 (260,120,'2007-07-09 15:31:00','',8,NULL,NULL),
 (261,27,'2007-07-09 15:35:00','',8,NULL,708),
 (262,42,'2007-07-09 15:37:00','fed some nutri-cal',8,NULL,709),
 (263,130,'2007-07-09 15:37:00','',8,NULL,NULL),
 (264,63,'2007-07-09 15:42:00','',8,NULL,711),
 (265,12,'2007-07-09 15:55:00','',8,NULL,705),
 (266,153,'2007-07-09 16:31:00','',8,NULL,695),
 (267,146,'2007-07-09 17:05:00','',9,NULL,722),
 (268,115,'2007-07-10 10:48:00','fed a few worms and formula',1,NULL,NULL),
 (269,5,'2007-07-10 11:07:00','Looks better, less sweaty. Teeth not so great.',1,NULL,727),
 (270,28,'2007-07-10 11:17:00','',1,NULL,728),
 (271,126,'2007-07-10 11:07:00','',1,NULL,NULL);
INSERT INTO `task_histories` (`id`,`task_id`,`date_done`,`remarks`,`user_id`,`fed`,`weight_id`) VALUES 
 (272,13,'2007-07-10 11:23:00','eye watery and a little pus',1,NULL,732),
 (273,137,'2007-07-10 11:26:00','cleaned face. Brushed teeth.',1,NULL,733),
 (274,78,'2007-07-10 11:28:00','no pus from head.',1,NULL,734),
 (275,121,'2007-07-10 11:23:00','',1,NULL,NULL),
 (276,35,'2007-07-10 11:31:00','took meds',1,NULL,735),
 (277,43,'2007-07-10 11:34:00','',1,NULL,736),
 (278,131,'2007-07-10 11:34:00','',1,NULL,NULL),
 (279,168,'2007-07-10 11:38:00','abscess not any bigger, didn\'t drain',1,NULL,737),
 (280,64,'2007-07-10 11:45:00','wing looks like it is growing nicely',1,NULL,738),
 (281,154,'2007-07-10 17:51:00','weight before second dose of formula:  9.1g; weight after:  10.0g',5,NULL,726),
 (282,147,'2007-07-10 18:20:00','',9,NULL,752),
 (283,148,'2007-07-11 12:05:00','',9,NULL,759),
 (284,14,'2007-07-11 15:03:00','Losing fur on head.',2,NULL,764),
 (285,79,'2007-07-11 15:06:00','Little bit of pus',2,NULL,765),
 (286,122,'2007-07-11 15:03:00','',2,NULL,NULL);
INSERT INTO `task_histories` (`id`,`task_id`,`date_done`,`remarks`,`user_id`,`fed`,`weight_id`) VALUES 
 (287,36,'2007-07-11 15:07:00','',2,NULL,766),
 (288,169,'2007-07-11 15:10:00','',2,NULL,767),
 (289,66,'2007-07-11 15:16:00','Very sweaty.',2,NULL,770),
 (290,127,'2007-07-11 15:25:59','',2,NULL,NULL),
 (291,132,'2007-07-11 15:29:23','',2,NULL,NULL),
 (292,116,'2007-07-11 15:37:00','still trying to get her to eat from the dish... not working that well but she has a good appetite',2,NULL,775),
 (293,117,'2007-07-12 10:30:00','chest fur gone, some on shoulders as well. Gave her some Nutrical from the tip of the syringe, she loved it. Ate a few worms too.10.9grs after care.',3,NULL,780),
 (294,7,'2007-07-12 14:03:00','',8,NULL,795),
 (295,30,'2007-07-12 14:04:00','',8,NULL,796),
 (296,128,'2007-07-12 14:03:00','',8,NULL,NULL),
 (297,15,'2007-07-12 14:10:00','',8,NULL,797),
 (298,80,'2007-07-12 14:11:00','',8,NULL,798),
 (299,123,'2007-07-12 14:10:00','',8,NULL,NULL),
 (300,45,'2007-07-12 14:14:00','',8,NULL,799),
 (301,133,'2007-07-12 14:14:00','',8,NULL,NULL);
INSERT INTO `task_histories` (`id`,`task_id`,`date_done`,`remarks`,`user_id`,`fed`,`weight_id`) VALUES 
 (302,170,'2007-07-12 14:16:00','',8,NULL,800),
 (303,67,'2007-07-12 14:18:00','sweaty',8,NULL,803),
 (304,37,'2007-07-12 14:23:00','',8,NULL,804),
 (305,156,'2007-07-12 14:25:00','fed worms and formula',8,NULL,NULL),
 (306,118,'2007-07-13 10:19:00','Fed her 1.5cc of formula, hungry! eating very voraciously. Gave her a bit of Nutrical from the tip of the syringe, loves it. Then I tried a worm, she didn\'t seem to enthusiastic about it. I dipped the worm in the formula and she ate it right up. Gave her a couple more that way. My suggestion is that for the next few days we try dipping the worms that we put in her dish in formula and see if that gets her eating them from the dish.',3,NULL,815),
 (307,143,'2007-07-10 12:54:56','',5,NULL,NULL),
 (308,144,'2007-07-13 10:03:37','',5,NULL,NULL),
 (309,31,'2007-07-13 18:46:00','drained some pus',1,NULL,834),
 (310,8,'2007-07-13 19:04:00','',1,NULL,835),
 (311,129,'2007-07-13 18:46:00','',1,NULL,NULL);
INSERT INTO `task_histories` (`id`,`task_id`,`date_done`,`remarks`,`user_id`,`fed`,`weight_id`) VALUES 
 (312,189,'2007-07-13 19:15:00','drained a little pus, didn\'t want to take meds',1,NULL,836),
 (313,16,'2007-07-13 19:16:00','dirty face, cleaned',1,NULL,837),
 (314,124,'2007-07-13 19:04:00','',1,NULL,NULL),
 (315,38,'2007-07-13 19:16:00','gums bad, drained pus from pores, pads looked like there was some diarrhea ',1,NULL,838),
 (316,46,'2007-07-13 19:17:00','',1,NULL,839),
 (317,134,'2007-07-13 19:17:00','',1,NULL,NULL),
 (318,171,'2007-07-13 19:17:00','doesn\'t look too bad',1,NULL,840),
 (319,68,'2007-07-13 19:18:00','not a lot of new growth since the last time I looked at him',1,NULL,841),
 (320,190,'2007-07-14 12:34:00','small amount of pus was drained',7,NULL,842),
 (321,17,'2007-07-14 12:40:00','',7,NULL,843),
 (322,39,'2007-07-14 12:43:00','',7,NULL,NULL),
 (323,39,'2007-07-14 12:43:00','',7,NULL,844),
 (324,172,'2007-07-14 12:45:00','',7,NULL,845),
 (325,69,'2007-07-14 12:50:00','',7,NULL,846),
 (326,119,'2007-07-14 12:53:00','Fed her 1.0cc of formula... No worms left in dish when I came in...',7,NULL,847);
INSERT INTO `task_histories` (`id`,`task_id`,`date_done`,`remarks`,`user_id`,`fed`,`weight_id`) VALUES 
 (327,184,'2007-07-15 07:18:00','small amount',7,NULL,848),
 (328,11,'2007-07-15 07:21:00','',7,NULL,849),
 (329,39,'2007-07-15 07:28:00','',7,NULL,NULL),
 (330,33,'2007-07-15 07:29:00','',7,NULL,851),
 (331,166,'2007-07-15 07:30:00','',7,NULL,852),
 (332,65,'2007-07-15 07:41:00','',7,NULL,853),
 (333,113,'2007-07-15 07:55:00','',7,NULL,854),
 (334,185,'2007-07-16 17:40:00','drained a little pus',1,NULL,887),
 (335,4,'2007-07-16 17:42:00','',1,NULL,888),
 (336,12,'2007-07-16 17:44:00','',1,NULL,889),
 (337,120,'2007-07-16 17:40:00','',1,NULL,NULL),
 (338,34,'2007-07-16 17:45:00','weight dropping, gums really bad',1,NULL,890),
 (339,27,'2007-07-16 17:48:00','',1,NULL,NULL),
 (340,192,'2007-07-16 17:54:00','bat\'s face severely abscessed.  treated with topical antibiotics and bactrim, didn\'t take very much bactrim',1,NULL,891),
 (341,42,'2007-07-16 17:57:00','',1,NULL,892),
 (342,130,'2007-07-16 17:57:00','',1,NULL,NULL),
 (343,167,'2007-07-16 17:58:00','seems to be healing quite well, at 10 days we will discontinue treatment',1,NULL,893);
INSERT INTO `task_histories` (`id`,`task_id`,`date_done`,`remarks`,`user_id`,`fed`,`weight_id`) VALUES 
 (344,198,'2007-07-16 18:04:00','had been on bactrim for a month, so discontinued treatment',1,NULL,894),
 (345,114,'2007-07-16 18:11:00','did not feed any puppy formula, as she had already eaten all the worms, increased food given to bat from 2 to 3',1,NULL,895),
 (346,186,'2007-07-17 13:39:00','one toe on each foot is swollen',8,NULL,911),
 (347,13,'2007-07-17 13:41:00','',8,NULL,912),
 (348,5,'2007-07-17 13:43:00','',8,NULL,913),
 (349,121,'2007-07-17 13:39:00','',8,NULL,NULL),
 (350,35,'2007-07-17 13:47:00','',8,NULL,914),
 (351,193,'2007-07-17 13:49:00','',8,NULL,915),
 (352,43,'2007-07-17 13:54:00','',8,NULL,916),
 (353,131,'2007-07-17 13:54:00','',8,NULL,NULL),
 (354,199,'2007-07-17 13:56:00','hairloss',8,NULL,917),
 (355,168,'2007-07-17 13:59:00','',8,NULL,918),
 (356,182,'2007-07-17 16:15:11','',8,NULL,NULL),
 (357,14,'2007-07-18 13:19:00','',8,NULL,934),
 (358,6,'2007-07-18 13:21:00','',8,NULL,935),
 (359,187,'2007-07-18 13:21:00','',8,NULL,936);
INSERT INTO `task_histories` (`id`,`task_id`,`date_done`,`remarks`,`user_id`,`fed`,`weight_id`) VALUES 
 (360,122,'2007-07-18 13:19:00','',8,NULL,NULL),
 (361,36,'2007-07-18 13:25:00','tip of right wing a little swollen',8,NULL,937),
 (362,194,'2007-07-18 13:27:00','face very swollen',8,NULL,938),
 (363,44,'2007-07-18 13:30:00','',8,NULL,939),
 (364,132,'2007-07-18 13:30:00','',8,NULL,NULL),
 (365,169,'2007-07-18 13:33:00','still swollen',8,NULL,940),
 (366,200,'2007-07-18 13:38:00','left shoulder looks funny',8,NULL,941),
 (367,204,'2007-07-18 15:46:58','',8,NULL,NULL),
 (368,188,'2007-07-19 15:10:00','a little bit puss, toe swollen',6,NULL,962),
 (369,7,'2007-07-19 15:16:00','',6,NULL,963),
 (370,15,'2007-07-19 15:30:00','',6,NULL,966),
 (371,123,'2007-07-19 15:10:00','',6,NULL,NULL),
 (372,37,'2007-07-19 15:31:00','',6,NULL,967),
 (373,195,'2007-07-19 15:34:00','drained, a little blood',6,NULL,968),
 (374,45,'2007-07-19 15:39:00','white pus on face',6,NULL,969),
 (375,133,'2007-07-19 15:39:00','',6,NULL,NULL),
 (376,170,'2007-07-19 15:42:00','',6,NULL,970);
INSERT INTO `task_histories` (`id`,`task_id`,`date_done`,`remarks`,`user_id`,`fed`,`weight_id`) VALUES 
 (377,201,'2007-07-19 15:44:00','',6,NULL,971),
 (378,189,'2007-07-20 13:13:00','looks good',6,NULL,997),
 (379,8,'2007-07-20 13:14:00','',6,NULL,998),
 (380,16,'2007-07-20 13:15:00','pus on face',6,NULL,999),
 (381,124,'2007-07-20 13:13:00','',6,NULL,NULL),
 (382,38,'2007-07-20 13:20:00','ok',6,NULL,1000),
 (383,196,'2007-07-20 13:22:00','',6,NULL,1001),
 (384,46,'2007-07-20 13:26:00','',6,NULL,1002),
 (385,134,'2007-07-20 13:26:00','',6,NULL,NULL),
 (386,171,'2007-07-20 13:28:00','',6,NULL,1003),
 (387,202,'2007-07-20 13:30:00','',6,NULL,1004),
 (388,17,'2007-07-21 09:41:00','',7,NULL,1024),
 (389,190,'2007-07-21 09:43:00','',7,NULL,1025),
 (390,197,'2007-07-21 09:50:00','',7,NULL,1026),
 (391,39,'2007-07-21 09:52:00','',7,NULL,1027),
 (392,172,'2007-07-21 09:56:00','',7,NULL,1028),
 (393,184,'2007-07-22 08:59:00','',7,NULL,1029),
 (394,11,'2007-07-22 09:01:00','',7,NULL,1030),
 (395,191,'2007-07-22 09:05:00','',7,NULL,1031),
 (396,33,'2007-07-22 09:08:00','',7,NULL,1032);
INSERT INTO `task_histories` (`id`,`task_id`,`date_done`,`remarks`,`user_id`,`fed`,`weight_id`) VALUES 
 (397,166,'2007-07-22 09:10:00','',7,NULL,1033),
 (398,12,'2007-07-23 15:12:00','brushed teeth',8,NULL,1059),
 (399,4,'2007-07-23 15:17:00','',8,NULL,1060),
 (400,185,'2007-07-23 15:17:00','',8,NULL,1061),
 (401,120,'2007-07-23 15:12:00','',8,NULL,NULL),
 (402,34,'2007-07-23 15:19:00','',8,NULL,1062),
 (403,192,'2007-07-23 15:21:00','',8,NULL,1063),
 (404,42,'2007-07-23 15:24:00','gave nutri-cal and loved it- licked it off a q-tip, no energy tho',8,NULL,1064),
 (405,130,'2007-07-23 15:24:00','',8,NULL,NULL),
 (406,167,'2007-07-23 15:29:00','',8,NULL,1065),
 (407,198,'2007-07-23 15:33:00','wing/arm looks ok',8,NULL,1066),
 (408,203,'2007-07-23 16:41:29','',2,NULL,NULL),
 (409,182,'2007-07-24 12:58:16','',3,NULL,NULL),
 (410,5,'2007-07-24 13:39:00','',3,NULL,1096),
 (411,186,'2007-07-24 13:41:00','drained some pus from head. Applied topical antibiotic.',3,NULL,1097),
 (412,13,'2007-07-24 13:43:00','face looks ok. Eye might be slightly watery. ',3,NULL,1098),
 (413,121,'2007-07-24 13:39:00','',3,NULL,NULL);
INSERT INTO `task_histories` (`id`,`task_id`,`date_done`,`remarks`,`user_id`,`fed`,`weight_id`) VALUES 
 (414,35,'2007-07-24 13:45:00','',3,NULL,1099),
 (415,193,'2007-07-24 13:46:00','18.5grs. Pressed enter by accident. Brushed teeth. Horrible gums.',3,NULL,1100),
 (416,43,'2007-07-24 13:49:00','',3,NULL,1101),
 (417,131,'2007-07-24 13:49:00','',3,NULL,NULL),
 (418,207,'2007-07-24 13:52:00','Person who moved bat to medical care forgot to add bat to label and change food amount. Changed label and list in prep room.',3,NULL,1102),
 (419,168,'2007-07-24 13:55:00','Treatment should have been discontinued on day 10. Did not give Bactrim today. Wing looks healed. Bat needs a diet.',3,NULL,1103),
 (420,199,'2007-07-24 14:01:00','Amazing how that wing is regenerating. It seems to be doing so only on one side. When there is enough membrane we might have to intervene and use vetbond to help it fully attach to the other finger. WOW.',3,NULL,1104),
 (421,6,'2007-07-25 10:47:00','',6,NULL,1121),
 (422,187,'2007-07-25 10:49:00','',6,NULL,1122),
 (423,14,'2007-07-25 10:54:00','',6,NULL,1123);
INSERT INTO `task_histories` (`id`,`task_id`,`date_done`,`remarks`,`user_id`,`fed`,`weight_id`) VALUES 
 (424,122,'2007-07-25 10:47:00','',6,NULL,NULL),
 (425,36,'2007-07-25 10:57:00','',6,NULL,1124),
 (426,194,'2007-07-25 10:59:00','',6,NULL,1125),
 (427,44,'2007-07-25 11:02:00','',6,NULL,1126),
 (428,132,'2007-07-25 11:02:00','',6,NULL,NULL),
 (429,208,'2007-07-25 11:06:00','',6,NULL,1127),
 (430,200,'2007-07-25 11:13:00','',6,NULL,1128),
 (431,204,'2007-07-25 15:42:53','',3,NULL,NULL),
 (432,188,'2007-07-26 14:57:00','',2,NULL,1161),
 (433,15,'2007-07-26 15:00:00','',2,NULL,1162),
 (434,7,'2007-07-26 15:02:00','regain fur',2,NULL,1163),
 (435,123,'2007-07-26 14:57:00','',2,NULL,NULL),
 (436,195,'2007-07-26 15:05:00','',2,NULL,1164),
 (437,37,'2007-07-26 15:11:00','',2,NULL,1165),
 (438,45,'2007-07-26 15:15:00','',2,NULL,1166),
 (439,133,'2007-07-26 15:15:00','',2,NULL,NULL),
 (440,209,'2007-07-26 15:17:00','also abscess on right leg, Dr. Hall suggested not to drain for now.',2,NULL,1167),
 (441,201,'2007-07-26 15:20:00','',2,NULL,1168);
INSERT INTO `task_histories` (`id`,`task_id`,`date_done`,`remarks`,`user_id`,`fed`,`weight_id`) VALUES 
 (442,217,'2007-07-27 12:48:00','',6,NULL,1173),
 (443,189,'2007-07-27 16:09:00','',8,NULL,1182),
 (444,8,'2007-07-27 16:11:00','dry skin around surgical site',8,NULL,1184),
 (445,124,'2007-07-27 16:09:00','',8,NULL,NULL),
 (446,46,'2007-07-27 16:16:00','',8,NULL,1187),
 (447,134,'2007-07-27 16:16:00','',8,NULL,NULL),
 (448,210,'2007-07-27 16:20:00','',8,NULL,1188),
 (449,202,'2007-07-27 16:24:00','sweaty',8,NULL,1189),
 (450,183,'2007-07-25 10:31:39','',2,NULL,NULL),
 (451,190,'2007-07-28 14:47:00','',7,NULL,1206),
 (452,211,'2007-07-28 14:54:00','',7,NULL,1207),
 (453,218,'2007-07-28 18:00:00','Did not weight the bat..',7,NULL,NULL),
 (454,184,'2007-07-29 08:49:00','',7,NULL,1208),
 (455,205,'2007-07-29 08:51:00','',7,NULL,1209),
 (456,212,'2007-07-29 10:25:00','',7,NULL,NULL),
 (457,4,'2007-07-30 14:37:00','',8,NULL,1231),
 (458,185,'2007-07-30 14:40:00','',8,NULL,1232),
 (459,120,'2007-07-30 14:37:00','',8,NULL,NULL),
 (460,219,'2007-07-30 14:47:00','',8,NULL,1233);
INSERT INTO `task_histories` (`id`,`task_id`,`date_done`,`remarks`,`user_id`,`fed`,`weight_id`) VALUES 
 (461,224,'2007-07-30 14:48:00','',8,NULL,1234),
 (462,229,'2007-07-30 14:49:00','',8,NULL,1235),
 (463,42,'2007-07-30 14:49:00','gave nutri-cal',8,NULL,1236),
 (464,130,'2007-07-30 14:49:00','',8,NULL,NULL),
 (465,206,'2007-07-30 14:57:00','',8,NULL,1237),
 (466,198,'2007-07-30 15:02:00','',8,NULL,1238),
 (467,234,'2007-07-30 15:03:00','',8,NULL,1239),
 (468,213,'2007-07-30 15:15:00','',8,NULL,1240),
 (469,203,'2007-07-30 16:43:38','',5,NULL,NULL),
 (470,241,'2007-07-31 12:23:00','tried to drain abscess, nothing came out. topical antibiotics on face. started bactrim',8,NULL,1258),
 (471,207,'2007-07-31 12:38:00','used needle and drained abscess, pus and blood drained, topical antibiotics on face abscess along w/ bactrim',8,NULL,1266),
 (472,5,'2007-07-31 12:46:00','',8,NULL,1267),
 (473,186,'2007-07-31 12:47:00','',8,NULL,1268),
 (474,220,'2007-07-31 12:48:00','',8,NULL,1269),
 (475,121,'2007-07-31 12:46:00','',8,NULL,NULL),
 (476,225,'2007-07-31 12:49:00','',8,NULL,1270);
INSERT INTO `task_histories` (`id`,`task_id`,`date_done`,`remarks`,`user_id`,`fed`,`weight_id`) VALUES 
 (477,230,'2007-07-31 12:50:00','visible hole in muzzle',8,NULL,1271),
 (478,43,'2007-07-31 12:52:00','nutri-cal',8,NULL,1272),
 (479,131,'2007-07-31 12:52:00','',8,NULL,NULL),
 (480,199,'2007-07-31 12:54:00','',8,NULL,1273),
 (481,235,'2007-07-31 12:55:00','',8,NULL,1274),
 (482,214,'2007-07-31 14:07:00','putting back with the others',1,NULL,1275),
 (483,182,'2007-07-30 17:17:43','',5,NULL,NULL),
 (484,249,'2007-08-01 10:02:00','',3,NULL,1292),
 (485,204,'2007-08-01 13:27:51','',5,NULL,NULL),
 (486,242,'2007-08-01 15:44:00','injected Baytril after draining it as much as possible, tons of pus',2,NULL,1308),
 (487,6,'2007-08-01 16:00:00','fur is growing back!',2,NULL,1309),
 (488,187,'2007-08-01 16:03:00','',2,NULL,1310),
 (489,221,'2007-08-01 16:07:00','',2,NULL,1311),
 (490,122,'2007-08-01 16:00:00','',2,NULL,NULL),
 (491,226,'2007-08-01 16:09:00','',2,NULL,1312),
 (492,231,'2007-08-01 16:11:00','cleaned face around the hole',2,NULL,1313),
 (493,44,'2007-08-01 16:15:00','mixed some NutriCal in with worms',2,NULL,1314);
INSERT INTO `task_histories` (`id`,`task_id`,`date_done`,`remarks`,`user_id`,`fed`,`weight_id`) VALUES 
 (494,132,'2007-08-01 16:15:00','',2,NULL,NULL),
 (495,208,'2007-08-01 16:20:00','used needle again to drain, tried to inject some Baytril',2,NULL,1315),
 (496,236,'2007-08-01 16:37:00','',2,NULL,1316),
 (497,200,'2007-08-01 16:39:00','',2,NULL,1317),
 (498,215,'2007-08-01 16:50:00','',2,NULL,NULL),
 (499,215,'2007-08-01 16:50:00','',2,NULL,1319),
 (500,256,'2007-08-01 18:36:00','had a few worms left (ate about 1.0 g), lethargic, she\'s cold, gave her third dose of Ringers (1 cc) for today',2,NULL,1324),
 (501,250,'2007-08-02 07:59:00','bat looks very weak and lethargic. Fur loss on underside. Slightly sweaty or not groomed. No diarrhea seen on pad. 5 worms left on dish, a couple more partially eaten on pad.',3,NULL,1325),
 (502,183,'2007-08-02 16:25:33','',2,NULL,NULL),
 (503,243,'2007-08-02 17:25:00','',2,NULL,1354),
 (504,7,'2007-08-02 17:35:00','',2,NULL,1355),
 (505,188,'2007-08-02 17:36:00','',2,NULL,1356),
 (506,222,'2007-08-02 17:37:00','',2,NULL,1357);
INSERT INTO `task_histories` (`id`,`task_id`,`date_done`,`remarks`,`user_id`,`fed`,`weight_id`) VALUES 
 (507,123,'2007-08-02 17:35:00','',2,NULL,NULL),
 (508,232,'2007-08-02 17:39:00','',2,NULL,1358),
 (509,227,'2007-08-02 17:40:00','',2,NULL,1359),
 (510,45,'2007-08-02 17:41:00','',2,NULL,1360),
 (511,133,'2007-08-02 17:41:00','',2,NULL,NULL),
 (512,209,'2007-08-02 17:45:00','',2,NULL,1361),
 (513,201,'2007-08-02 17:53:00','',2,NULL,1362),
 (514,237,'2007-08-02 17:54:00','',2,NULL,1363),
 (515,216,'2007-08-02 18:11:00','',2,NULL,NULL),
 (516,270,'2007-08-02 18:40:00','gave Baytril with 1.2 cc Ringer\'s in two doses',1,NULL,1366),
 (517,244,'2007-08-03 06:52:00','bat seems to be recovering very well. The abscess doesn\'t seem to be filling back up. Bat very active and awake despite the early time of the day.',3,NULL,1368),
 (518,223,'2007-08-03 15:18:00','',2,NULL,1373),
 (519,189,'2007-08-03 15:20:00','drained abscess',2,NULL,1374),
 (520,8,'2007-08-03 15:22:00','',2,NULL,1375),
 (521,124,'2007-08-03 15:18:00','',2,NULL,NULL),
 (522,228,'2007-08-03 15:24:00','',2,NULL,1376);
INSERT INTO `task_histories` (`id`,`task_id`,`date_done`,`remarks`,`user_id`,`fed`,`weight_id`) VALUES 
 (523,233,'2007-08-03 15:25:00','',2,NULL,1377),
 (524,46,'2007-08-03 15:27:00','',2,NULL,1378),
 (525,134,'2007-08-03 15:27:00','',2,NULL,NULL),
 (526,210,'2007-08-03 15:33:00','didn\'t drain',2,NULL,1388),
 (527,265,'2007-08-03 15:37:00','didn\'t drain, face sunken in where swelling had been',2,NULL,1389),
 (528,238,'2007-08-03 15:39:00','',2,NULL,1390),
 (529,202,'2007-08-03 15:40:00','',2,NULL,1391),
 (530,245,'2007-08-04 11:04:00','',7,NULL,NULL),
 (531,211,'2007-08-04 11:09:00','',7,NULL,1407),
 (532,190,'2007-08-04 11:14:00','',7,NULL,1408),
 (533,266,'2007-08-04 12:28:00','',7,NULL,1406),
 (534,239,'2007-08-05 08:46:00','',7,NULL,NULL),
 (535,239,'2007-08-05 08:46:00','',7,NULL,NULL),
 (536,184,'2007-08-05 08:49:00','',7,NULL,1411),
 (537,205,'2007-08-05 08:52:00','',7,NULL,1412),
 (538,260,'2007-08-05 09:47:00','',7,NULL,1410),
 (539,240,'2007-08-06 10:48:00','looks better, no more swelling but there is a definite wound around her eye now',2,NULL,1413),
 (540,289,'2007-08-06 16:53:00','',2,NULL,1425);
INSERT INTO `task_histories` (`id`,`task_id`,`date_done`,`remarks`,`user_id`,`fed`,`weight_id`) VALUES 
 (541,203,'2007-08-06 17:13:44','',5,NULL,NULL),
 (542,261,'2007-08-06 19:16:00','looking much better',1,NULL,1445),
 (543,282,'2007-08-06 19:20:00','looks okay',1,NULL,1423),
 (544,206,'2007-08-06 19:21:00','eye still looks bad.  no pus drained.',1,NULL,1446),
 (545,241,'2007-08-07 11:58:00','',2,NULL,NULL),
 (546,5,'2007-08-07 15:54:00','',8,NULL,1466),
 (547,220,'2007-08-07 15:55:00','muzzle looks swollen on right side',8,NULL,1467),
 (548,283,'2007-08-07 15:56:00','',8,NULL,1468),
 (549,186,'2007-08-07 15:57:00','',8,NULL,1469),
 (550,121,'2007-08-07 15:54:00','',8,NULL,NULL),
 (551,225,'2007-08-07 15:58:00','',8,NULL,1470),
 (552,230,'2007-08-07 15:59:00','',8,NULL,1471),
 (553,43,'2007-08-07 16:00:00','',8,NULL,1472),
 (554,131,'2007-08-07 16:00:00','',8,NULL,NULL),
 (555,207,'2007-08-07 16:02:00','drained knee from under-side',8,NULL,1473),
 (556,199,'2007-08-07 16:12:00','',8,NULL,1474),
 (557,235,'2007-08-07 16:13:00','',8,NULL,1475);
INSERT INTO `task_histories` (`id`,`task_id`,`date_done`,`remarks`,`user_id`,`fed`,`weight_id`) VALUES 
 (558,290,'2007-08-07 16:14:00','scab over an abscess? maybe needs 2 be drained',8,NULL,1477),
 (559,182,'2007-08-07 11:49:45','',5,NULL,NULL),
 (560,242,'2007-08-08 12:27:00','eye looks ok',8,NULL,1485),
 (561,284,'2007-08-08 12:30:00','',8,NULL,1486),
 (562,187,'2007-08-08 12:32:00','toes/feet are swollen',8,NULL,1487),
 (563,6,'2007-08-08 12:33:00','',8,NULL,1488),
 (564,221,'2007-08-08 12:33:00','',8,NULL,1489),
 (565,122,'2007-08-08 12:30:00','',8,NULL,NULL),
 (566,226,'2007-08-08 12:35:00','',8,NULL,1490),
 (567,231,'2007-08-08 12:36:00','gums are severely swollen ',8,NULL,1491),
 (568,44,'2007-08-08 12:37:00','so underweight- bones visible\r\ngave some nutri-cal and wax worms',8,NULL,1492),
 (569,132,'2007-08-08 12:37:00','',8,NULL,NULL),
 (570,208,'2007-08-08 12:43:00','knee really swollen, drained and topical anti-biotics',8,NULL,NULL),
 (571,183,'2007-08-08 12:43:15','',5,NULL,NULL),
 (572,204,'2007-08-08 12:45:52','',5,NULL,NULL);
INSERT INTO `task_histories` (`id`,`task_id`,`date_done`,`remarks`,`user_id`,`fed`,`weight_id`) VALUES 
 (573,236,'2007-08-08 12:51:00','',8,NULL,1505),
 (574,200,'2007-08-08 12:52:00','',8,NULL,1506),
 (575,291,'2007-08-08 12:53:00','',8,NULL,1507),
 (576,263,'2007-08-08 19:03:00','',1,NULL,1520),
 (577,243,'2007-08-09 11:48:00','',2,NULL,NULL),
 (578,188,'2007-08-09 15:45:00','abscess on toe, thumb joint, face',2,NULL,1537),
 (579,222,'2007-08-09 15:49:00','swollen face, small abscess under right eye',2,NULL,1538),
 (580,7,'2007-08-09 15:53:00','',2,NULL,1539),
 (581,285,'2007-08-09 15:54:00','',2,NULL,1540),
 (582,123,'2007-08-09 15:45:00','',2,NULL,NULL),
 (583,227,'2007-08-09 16:07:00','',2,NULL,1545),
 (584,232,'2007-08-09 16:08:00','',2,NULL,1546),
 (585,45,'2007-08-09 16:10:00','Gave Nutri-Cal and a wax worm in his food, he still acts lively',2,NULL,1547),
 (586,133,'2007-08-09 16:10:00','',2,NULL,NULL),
 (587,209,'2007-08-09 16:18:00','lanced leg drained a little, put on topical antibiotics then drained a little from around the right eye, then fed him a wax worm',2,NULL,1548),
 (588,201,'2007-08-09 16:27:00','still seems to be regenerating!',2,NULL,1549);
INSERT INTO `task_histories` (`id`,`task_id`,`date_done`,`remarks`,`user_id`,`fed`,`weight_id`) VALUES 
 (589,237,'2007-08-09 16:29:00','',2,NULL,1550),
 (590,292,'2007-08-09 16:34:00','',2,NULL,1551),
 (591,264,'2007-08-09 17:00:00','',2,NULL,1564),
 (592,244,'2007-08-10 10:51:00','',2,NULL,1568),
 (593,265,'2007-08-10 19:39:00','',1,NULL,1598),
 (594,286,'2007-08-10 19:43:00','',1,NULL,1599),
 (595,223,'2007-08-10 19:50:00','',1,NULL,1600),
 (596,8,'2007-08-10 19:51:00','',1,NULL,1601),
 (597,189,'2007-08-10 19:52:00','could not locate abscess\' that Jenny says are on the toe, thumb, & face',1,NULL,1602),
 (598,124,'2007-08-10 19:50:00','',1,NULL,NULL),
 (599,228,'2007-08-10 19:54:00','',1,NULL,NULL),
 (600,233,'2007-08-10 19:59:00','drained pus from face',1,NULL,1605),
 (601,46,'2007-08-10 20:00:00','',1,NULL,1606),
 (602,134,'2007-08-10 20:00:00','',1,NULL,NULL),
 (603,210,'2007-08-10 20:03:00','leg looks fine',1,NULL,1607),
 (604,202,'2007-08-10 20:06:00','',1,NULL,NULL),
 (605,293,'2007-08-10 20:08:00','discontinue treatment starting on monday if scab is no worse or better',1,NULL,1608),
 (606,245,'2007-08-11 16:21:00','',7,NULL,NULL);
INSERT INTO `task_histories` (`id`,`task_id`,`date_done`,`remarks`,`user_id`,`fed`,`weight_id`) VALUES 
 (607,211,'2007-08-11 16:22:00','',7,NULL,1619),
 (608,266,'2007-08-11 17:14:00','',7,NULL,NULL),
 (609,266,'2007-08-11 17:14:00','',7,NULL,NULL),
 (610,266,'2007-08-11 17:14:00','',7,NULL,1620),
 (611,205,'2007-08-12 09:05:00','',7,NULL,1621),
 (612,239,'2007-08-12 09:09:00','',7,NULL,NULL),
 (613,260,'2007-08-12 10:02:00','',7,NULL,1622),
 (614,240,'2007-08-13 09:15:00','',2,NULL,1631),
 (615,185,'2007-08-13 16:52:00','',2,NULL,1658),
 (616,4,'2007-08-13 16:54:00','',2,NULL,NULL),
 (617,4,'2007-08-13 16:54:00','',2,NULL,1659),
 (618,219,'2007-08-13 16:54:00','',2,NULL,1660),
 (619,120,'2007-08-13 16:52:00','',2,NULL,NULL),
 (620,224,'2007-08-13 17:09:00','',2,NULL,1662),
 (621,229,'2007-08-13 17:11:00','drained a little pus, gums are really gross',2,NULL,1663),
 (622,42,'2007-08-13 17:13:00','There were still quite a few worms left, but he had already started to eat',2,NULL,1664),
 (623,130,'2007-08-13 17:13:00','',2,NULL,NULL);
INSERT INTO `task_histories` (`id`,`task_id`,`date_done`,`remarks`,`user_id`,`fed`,`weight_id`) VALUES 
 (624,206,'2007-08-13 17:16:00','',2,NULL,NULL),
 (625,206,'2007-08-13 17:16:00','',2,NULL,1665),
 (626,198,'2007-08-13 17:21:00','drained a little pus from face',2,NULL,1666),
 (627,289,'2007-08-13 17:25:00','scab seemed about the same, ending med treatment',2,NULL,1667),
 (628,203,'2007-08-13 17:30:04','',5,NULL,NULL),
 (629,261,'2007-08-13 17:29:00','',2,NULL,1674),
 (630,182,'2007-08-13 17:33:58','',5,NULL,NULL),
 (631,296,'2007-08-13 17:53:00','',5,NULL,1680),
 (632,241,'2007-08-14 09:12:00','',2,NULL,NULL),
 (633,297,'2007-08-14 15:15:00','only tiny amount of pus',2,NULL,1700),
 (634,5,'2007-08-14 15:21:00','',2,NULL,1701),
 (635,220,'2007-08-14 15:21:00','',2,NULL,1702),
 (636,186,'2007-08-14 15:24:00','drained pus from face',2,NULL,1703),
 (637,121,'2007-08-14 15:21:00','',2,NULL,NULL),
 (638,225,'2007-08-14 15:26:00','',2,NULL,1704),
 (639,230,'2007-08-14 15:27:00','',2,NULL,1705),
 (640,43,'2007-08-14 15:28:00','',2,NULL,NULL);
INSERT INTO `task_histories` (`id`,`task_id`,`date_done`,`remarks`,`user_id`,`fed`,`weight_id`) VALUES 
 (641,131,'2007-08-14 15:28:00','',2,NULL,NULL),
 (642,43,'2007-08-14 15:28:00','',2,NULL,1706),
 (643,207,'2007-08-14 15:29:00','',2,NULL,1707),
 (644,199,'2007-08-14 15:33:00','',2,NULL,1708),
 (645,262,'2007-08-14 15:34:00','unsure if the eye is starting to swell up again, didn\'t want to try to drain it while it looks like the skin over it is healing',2,NULL,1709),
 (646,242,'2007-08-15 09:07:00','',2,NULL,1713),
 (647,208,'2007-08-15 09:09:00','',2,NULL,1714),
 (648,298,'2007-08-15 09:13:00','',2,NULL,1715),
 (649,6,'2007-08-15 09:16:00','',2,NULL,1716),
 (650,187,'2007-08-15 09:17:00','',2,NULL,1717),
 (651,221,'2007-08-15 09:18:00','',2,NULL,1718),
 (652,122,'2007-08-15 09:16:00','',2,NULL,NULL),
 (653,226,'2007-08-15 09:19:00','',2,NULL,1719),
 (654,231,'2007-08-15 09:20:00','',2,NULL,1720),
 (655,44,'2007-08-15 09:23:00','',2,NULL,1721),
 (656,132,'2007-08-15 09:23:00','',2,NULL,NULL),
 (657,200,'2007-08-15 09:25:00','',2,NULL,1722);
INSERT INTO `task_histories` (`id`,`task_id`,`date_done`,`remarks`,`user_id`,`fed`,`weight_id`) VALUES 
 (658,183,'2007-08-15 15:46:07','',6,NULL,NULL),
 (659,263,'2007-08-15 17:20:00','',1,NULL,NULL),
 (660,243,'2007-08-16 10:12:00','',6,NULL,NULL),
 (661,299,'2007-08-16 10:13:00','',6,NULL,NULL),
 (662,7,'2007-08-16 10:17:00','',6,NULL,NULL),
 (663,188,'2007-08-16 10:20:00','',6,NULL,NULL),
 (664,222,'2007-08-16 10:24:00','',6,NULL,NULL),
 (665,232,'2007-08-16 10:26:00','right side of face has a little bump, feels hard',6,NULL,NULL),
 (666,227,'2007-08-16 10:28:00','',6,NULL,NULL),
 (667,45,'2007-08-16 10:32:00','',6,NULL,NULL),
 (668,209,'2007-08-16 10:35:00','',6,NULL,NULL),
 (669,201,'2007-08-16 10:42:00','',6,NULL,NULL),
 (670,123,'2007-08-16 13:27:29','',6,NULL,NULL),
 (671,133,'2007-08-16 13:30:33','',6,NULL,NULL),
 (672,300,'2007-08-17 10:12:00','',6,NULL,1754),
 (673,244,'2007-08-17 10:22:00','',6,NULL,1755),
 (674,8,'2007-08-17 10:25:00','',6,NULL,1756),
 (675,189,'2007-08-17 10:27:00','',6,NULL,1757),
 (676,124,'2007-08-17 10:25:00','',6,NULL,NULL);
INSERT INTO `task_histories` (`id`,`task_id`,`date_done`,`remarks`,`user_id`,`fed`,`weight_id`) VALUES 
 (677,223,'2007-08-17 10:28:00','',6,NULL,1758),
 (678,233,'2007-08-17 10:30:00','',6,NULL,1759),
 (679,228,'2007-08-17 10:31:00','',6,NULL,1760),
 (680,134,'2007-08-17 10:33:00','',6,NULL,NULL),
 (681,46,'2007-08-17 10:33:00','',6,NULL,1761),
 (682,210,'2007-08-17 10:34:00','',6,NULL,1762),
 (683,202,'2007-08-17 10:40:00','',6,NULL,1763),
 (684,265,'2007-08-17 16:22:00','',6,NULL,1755),
 (685,311,'2007-08-17 10:25:00','',1,NULL,NULL),
 (686,301,'2007-08-18 10:49:00','',7,NULL,1777),
 (687,211,'2007-08-18 10:52:00','',7,NULL,1778),
 (688,245,'2007-08-18 10:55:00','',7,NULL,1779),
 (689,266,'2007-08-18 11:51:00','',7,NULL,1779),
 (690,295,'2007-08-19 09:25:00','',7,NULL,1780),
 (691,239,'2007-08-19 09:28:00','',7,NULL,1781),
 (692,205,'2007-08-19 09:32:00','',7,NULL,1782),
 (693,260,'2007-08-19 10:33:00','',7,NULL,1781),
 (694,296,'2007-08-20 13:01:00','',6,NULL,1809),
 (695,240,'2007-08-20 13:04:00','',6,NULL,1810),
 (696,185,'2007-08-20 13:06:00','',6,NULL,1811);
INSERT INTO `task_histories` (`id`,`task_id`,`date_done`,`remarks`,`user_id`,`fed`,`weight_id`) VALUES 
 (697,219,'2007-08-20 13:07:00','',6,NULL,1812),
 (698,307,'2007-08-20 13:06:00','',6,NULL,NULL),
 (699,4,'2007-08-20 13:08:00','',6,NULL,1813),
 (700,229,'2007-08-20 13:09:00','',6,NULL,1814),
 (701,224,'2007-08-20 13:10:00','',6,NULL,1815),
 (702,312,'2007-08-20 13:11:00','',6,NULL,NULL),
 (703,42,'2007-08-20 13:11:00','',6,NULL,1816),
 (704,206,'2007-08-20 13:12:00','',6,NULL,1817),
 (705,198,'2007-08-20 13:15:00','',6,NULL,1818),
 (706,261,'2007-08-20 15:35:00','',6,NULL,1810);
/*!40000 ALTER TABLE `task_histories` ENABLE KEYS */;


--
-- Definition of table `tasks`
--

DROP TABLE IF EXISTS `tasks`;
CREATE TABLE `tasks` (
  `id` int(10) unsigned NOT NULL auto_increment,
  `repeat_code` int(10) unsigned default NULL COMMENT '0 means daily 1 = sunday etc.',
  `medical_treatment_id` int(10) unsigned default NULL,
  `cage_id` int(10) unsigned default NULL,
  `title` text NOT NULL,
  `notes` text NOT NULL,
  `internal_description` varchar(45) default NULL,
  `food` double default NULL,
  `dish_type` varchar(45) default NULL,
  `dish_num` int(10) unsigned default NULL,
  `jitter` int(11) NOT NULL,
  `date_started` datetime NOT NULL,
  `date_ended` datetime default NULL,
  `animal_care` tinyint(1) default NULL,
  `room_id` int(11) default NULL,
  PRIMARY KEY  (`id`)
) ENGINE=InnoDB DEFAULT CHARSET=latin1;

--
-- Dumping data for table `tasks`
--

/*!40000 ALTER TABLE `tasks` DISABLE KEYS */;
INSERT INTO `tasks` (`id`,`repeat_code`,`medical_treatment_id`,`cage_id`,`title`,`notes`,`internal_description`,`food`,`dish_type`,`dish_num`,`jitter`,`date_started`,`date_ended`,`animal_care`,`room_id`) VALUES 
 (1,0,NULL,NULL,'Water','','change_water',NULL,NULL,NULL,0,'2007-06-05 12:39:06','2007-06-13 11:10:19',1,1),
 (3,1,3,NULL,'Do Currently no treatment is necessary. Monitor ','','medical',NULL,NULL,NULL,0,'2007-06-13 10:17:48','2007-06-19 17:15:22',0,NULL),
 (4,2,3,NULL,'Do Currently no treatment is necessary. Monitor ','','medical',NULL,NULL,NULL,0,'2007-06-13 10:17:48',NULL,1,NULL),
 (5,3,3,NULL,'Do Currently no treatment is necessary. Monitor ','','medical',NULL,NULL,NULL,0,'2007-06-13 10:17:48','2007-08-17 13:12:03',1,NULL),
 (6,4,3,NULL,'Do Currently no treatment is necessary. Monitor ','','medical',NULL,NULL,NULL,0,'2007-06-13 10:17:48',NULL,1,NULL),
 (7,5,3,NULL,'Do Currently no treatment is necessary. Monitor ','','medical',NULL,NULL,NULL,0,'2007-06-13 10:17:48','2007-08-17 13:12:05',1,NULL),
 (8,6,3,NULL,'Do Currently no treatment is necessary. Monitor ','','medical',NULL,NULL,NULL,0,'2007-06-13 10:17:48',NULL,1,NULL);
INSERT INTO `tasks` (`id`,`repeat_code`,`medical_treatment_id`,`cage_id`,`title`,`notes`,`internal_description`,`food`,`dish_type`,`dish_num`,`jitter`,`date_started`,`date_ended`,`animal_care`,`room_id`) VALUES 
 (9,7,3,NULL,'Do Currently no treatment is necessary. Monitor ','','medical',NULL,NULL,NULL,0,'2007-06-13 10:17:48','2007-06-19 17:15:24',0,NULL),
 (10,0,NULL,3,'Weigh cage Med 2','','weigh',NULL,NULL,NULL,0,'2007-06-13 10:26:39','2007-06-30 17:06:44',0,1),
 (11,1,4,NULL,'Do 0.15cc Bactrim.','','medical',NULL,NULL,NULL,0,'2007-06-13 10:28:51','2007-07-26 15:01:42',0,NULL),
 (12,2,4,NULL,'Do 0.15cc Bactrim.','','medical',NULL,NULL,NULL,0,'2007-06-13 10:28:51','2007-07-26 15:01:42',0,NULL),
 (13,3,4,NULL,'Do 0.15cc Bactrim.','','medical',NULL,NULL,NULL,0,'2007-06-13 10:28:51','2007-07-26 15:01:42',0,NULL),
 (14,4,4,NULL,'Do 0.15cc Bactrim.','','medical',NULL,NULL,NULL,0,'2007-06-13 10:28:51','2007-07-26 15:01:42',0,NULL),
 (15,5,4,NULL,'Do 0.15cc Bactrim.','','medical',NULL,NULL,NULL,0,'2007-06-13 10:28:51','2007-07-26 15:01:42',0,NULL),
 (16,6,4,NULL,'Do 0.15cc Bactrim.','','medical',NULL,NULL,NULL,0,'2007-06-13 10:28:51','2007-07-26 15:01:42',0,NULL);
INSERT INTO `tasks` (`id`,`repeat_code`,`medical_treatment_id`,`cage_id`,`title`,`notes`,`internal_description`,`food`,`dish_type`,`dish_num`,`jitter`,`date_started`,`date_ended`,`animal_care`,`room_id`) VALUES 
 (17,7,4,NULL,'Do 0.15cc Bactrim.','','medical',NULL,NULL,NULL,0,'2007-06-13 10:28:51','2007-07-26 15:01:42',0,NULL),
 (18,0,NULL,3,'Weigh cage Med 2','','weigh',NULL,NULL,NULL,-1,'2007-06-13 10:35:32','2007-06-13 10:35:51',0,1),
 (19,1,5,NULL,'Do Monitor status. Make sure infection doesn\'t r','','medical',NULL,NULL,NULL,0,'2007-06-13 10:39:20','2007-06-15 15:06:59',0,NULL),
 (20,2,5,NULL,'Do Monitor status. Make sure infection doesn\'t r','','medical',NULL,NULL,NULL,0,'2007-06-13 10:39:20','2007-06-15 15:06:59',0,NULL),
 (21,3,5,NULL,'Do Monitor status. Make sure infection doesn\'t r','','medical',NULL,NULL,NULL,0,'2007-06-13 10:39:20','2007-06-15 15:06:59',0,NULL),
 (22,4,5,NULL,'Do Monitor status. Make sure infection doesn\'t r','','medical',NULL,NULL,NULL,0,'2007-06-13 10:39:20','2007-06-15 15:06:59',0,NULL),
 (23,5,5,NULL,'Do Monitor status. Make sure infection doesn\'t r','','medical',NULL,NULL,NULL,0,'2007-06-13 10:39:20','2007-06-15 15:06:59',0,NULL);
INSERT INTO `tasks` (`id`,`repeat_code`,`medical_treatment_id`,`cage_id`,`title`,`notes`,`internal_description`,`food`,`dish_type`,`dish_num`,`jitter`,`date_started`,`date_ended`,`animal_care`,`room_id`) VALUES 
 (24,6,5,NULL,'Do Monitor status. Make sure infection doesn\'t r','','medical',NULL,NULL,NULL,0,'2007-06-13 10:39:20','2007-06-15 15:06:59',0,NULL),
 (25,7,5,NULL,'Do Monitor status. Make sure infection doesn\'t r','','medical',NULL,NULL,NULL,0,'2007-06-13 10:39:20','2007-06-15 15:06:59',0,NULL),
 (26,1,6,NULL,'Do observation','','medical',NULL,NULL,NULL,0,'2007-06-13 10:52:21','2007-06-19 17:16:19',0,NULL),
 (27,2,6,NULL,'Do observation','','medical',NULL,NULL,NULL,0,'2007-06-13 10:52:21','2007-07-16 17:54:07',1,NULL),
 (28,3,6,NULL,'Do observation','','medical',NULL,NULL,NULL,0,'2007-06-13 10:52:21','2007-07-16 17:54:07',1,NULL),
 (29,4,6,NULL,'Do observation','','medical',NULL,NULL,NULL,0,'2007-06-13 10:52:21','2007-07-16 17:54:07',1,NULL),
 (30,5,6,NULL,'Do observation','','medical',NULL,NULL,NULL,0,'2007-06-13 10:52:21','2007-07-16 17:54:07',1,NULL),
 (31,6,6,NULL,'Do observation','','medical',NULL,NULL,NULL,0,'2007-06-13 10:52:22','2007-07-16 17:54:07',1,NULL);
INSERT INTO `tasks` (`id`,`repeat_code`,`medical_treatment_id`,`cage_id`,`title`,`notes`,`internal_description`,`food`,`dish_type`,`dish_num`,`jitter`,`date_started`,`date_ended`,`animal_care`,`room_id`) VALUES 
 (32,7,6,NULL,'Do observation','','medical',NULL,NULL,NULL,0,'2007-06-13 10:52:22','2007-06-19 17:16:46',0,NULL),
 (33,1,1,NULL,'Do 0.15 cc Bactrim','','medical',NULL,NULL,NULL,0,'2007-06-13 10:53:20','2007-07-26 15:27:58',1,NULL),
 (34,2,1,NULL,'Do 0.15 cc Bactrim','','medical',NULL,NULL,NULL,0,'2007-06-13 10:53:20','2007-07-26 15:27:58',1,NULL),
 (35,3,1,NULL,'Do 0.15 cc Bactrim','','medical',NULL,NULL,NULL,0,'2007-06-13 10:53:20','2007-07-26 15:27:58',1,NULL),
 (36,4,1,NULL,'Do 0.15 cc Bactrim','','medical',NULL,NULL,NULL,0,'2007-06-13 10:53:20','2007-07-26 15:27:58',1,NULL),
 (37,5,1,NULL,'Do 0.15 cc Bactrim','','medical',NULL,NULL,NULL,0,'2007-06-13 10:53:21','2007-07-26 15:27:58',1,NULL),
 (38,6,1,NULL,'Do 0.15 cc Bactrim','','medical',NULL,NULL,NULL,0,'2007-06-13 10:53:21','2007-07-26 15:27:58',1,NULL),
 (39,7,1,NULL,'Do 0.15 cc Bactrim','','medical',NULL,NULL,NULL,0,'2007-06-13 10:53:21','2007-07-26 15:27:58',1,NULL);
INSERT INTO `tasks` (`id`,`repeat_code`,`medical_treatment_id`,`cage_id`,`title`,`notes`,`internal_description`,`food`,`dish_type`,`dish_num`,`jitter`,`date_started`,`date_ended`,`animal_care`,`room_id`) VALUES 
 (40,0,NULL,7,'Weigh cage Med 4','','weigh',NULL,NULL,NULL,0,'2007-06-13 10:56:50','2007-06-30 17:07:43',0,1),
 (41,1,7,NULL,'Do Monitor status. If weight drops we\'ll need to','','medical',NULL,NULL,NULL,0,'2007-06-13 10:59:05','2007-06-19 17:17:29',0,NULL),
 (42,2,7,NULL,'Do Monitor status. If weight drops we\'ll need to','','medical',NULL,NULL,NULL,0,'2007-06-13 10:59:05',NULL,1,NULL),
 (43,3,7,NULL,'Do Monitor status. If weight drops we\'ll need to','','medical',NULL,NULL,NULL,0,'2007-06-13 10:59:05','2007-08-17 13:11:31',1,NULL),
 (44,4,7,NULL,'Do Monitor status. If weight drops we\'ll need to','','medical',NULL,NULL,NULL,0,'2007-06-13 10:59:05',NULL,1,NULL),
 (45,5,7,NULL,'Do Monitor status. If weight drops we\'ll need to','','medical',NULL,NULL,NULL,0,'2007-06-13 10:59:06','2007-08-17 13:11:33',1,NULL),
 (46,6,7,NULL,'Do Monitor status. If weight drops we\'ll need to','','medical',NULL,NULL,NULL,0,'2007-06-13 10:59:06',NULL,1,NULL);
INSERT INTO `tasks` (`id`,`repeat_code`,`medical_treatment_id`,`cage_id`,`title`,`notes`,`internal_description`,`food`,`dish_type`,`dish_num`,`jitter`,`date_started`,`date_ended`,`animal_care`,`room_id`) VALUES 
 (47,7,7,NULL,'Do Monitor status. If weight drops we\'ll need to','','medical',NULL,NULL,NULL,0,'2007-06-13 10:59:06','2007-06-19 17:17:34',0,NULL),
 (48,1,8,NULL,'Do Currently under observation','','medical',NULL,NULL,NULL,0,'2007-06-13 11:07:26','2007-06-19 17:14:50',0,NULL),
 (49,2,8,NULL,'Do Currently under observation','','medical',NULL,NULL,NULL,0,'2007-06-13 11:07:26','2007-06-28 14:55:29',1,NULL),
 (50,3,8,NULL,'Do Currently under observation','','medical',NULL,NULL,NULL,0,'2007-06-13 11:07:26','2007-06-28 14:55:29',1,NULL),
 (51,4,8,NULL,'Do Currently under observation','','medical',NULL,NULL,NULL,0,'2007-06-13 11:07:26','2007-06-28 14:55:29',1,NULL),
 (52,5,8,NULL,'Do Currently under observation','','medical',NULL,NULL,NULL,0,'2007-06-13 11:07:26','2007-06-28 14:55:29',1,NULL),
 (53,6,8,NULL,'Do Currently under observation','','medical',NULL,NULL,NULL,0,'2007-06-13 11:07:27','2007-06-28 14:55:29',1,NULL);
INSERT INTO `tasks` (`id`,`repeat_code`,`medical_treatment_id`,`cage_id`,`title`,`notes`,`internal_description`,`food`,`dish_type`,`dish_num`,`jitter`,`date_started`,`date_ended`,`animal_care`,`room_id`) VALUES 
 (54,7,8,NULL,'Do Currently under observation','','medical',NULL,NULL,NULL,0,'2007-06-13 11:07:27','2007-06-19 17:14:53',0,NULL),
 (55,1,9,NULL,'Do Metacam 0.03cc as needed for a maximum of 2 d','','medical',NULL,NULL,NULL,0,'2007-06-13 14:40:18','2007-06-15 14:50:55',0,NULL),
 (56,2,9,NULL,'Do Metacam 0.03cc as needed for a maximum of 2 d','','medical',NULL,NULL,NULL,0,'2007-06-13 14:40:18','2007-06-15 14:50:55',0,NULL),
 (57,3,9,NULL,'Do Metacam 0.03cc as needed for a maximum of 2 d','','medical',NULL,NULL,NULL,0,'2007-06-13 14:40:18','2007-06-15 14:50:55',0,NULL),
 (58,4,9,NULL,'Do Metacam 0.03cc as needed for a maximum of 2 d','','medical',NULL,NULL,NULL,0,'2007-06-13 14:40:18','2007-06-15 14:50:55',0,NULL),
 (59,5,9,NULL,'Do Metacam 0.03cc as needed for a maximum of 2 d','','medical',NULL,NULL,NULL,0,'2007-06-13 14:40:18','2007-06-15 14:50:55',0,NULL),
 (60,6,9,NULL,'Do Metacam 0.03cc as needed for a maximum of 2 d','','medical',NULL,NULL,NULL,0,'2007-06-13 14:40:18','2007-06-15 14:50:55',0,NULL);
INSERT INTO `tasks` (`id`,`repeat_code`,`medical_treatment_id`,`cage_id`,`title`,`notes`,`internal_description`,`food`,`dish_type`,`dish_num`,`jitter`,`date_started`,`date_ended`,`animal_care`,`room_id`) VALUES 
 (61,7,9,NULL,'Do Metacam 0.03cc as needed for a maximum of 2 d','','medical',NULL,NULL,NULL,0,'2007-06-13 14:40:18','2007-06-15 14:50:55',0,NULL),
 (62,3,NULL,15,'Weigh cage GS#3','','weigh',NULL,NULL,NULL,-1,'2007-06-13 16:02:47','2007-06-13 16:03:16',0,2),
 (63,2,11,NULL,'Do 0.15 cc Bactrim','','medical',NULL,NULL,NULL,0,'2007-06-15 14:51:48','2007-07-16 18:03:56',1,NULL),
 (64,3,11,NULL,'Do 0.15 cc Bactrim','','medical',NULL,NULL,NULL,0,'2007-06-15 14:51:52','2007-07-16 18:03:56',1,NULL),
 (65,1,11,NULL,'Do 0.15 cc Bactrim','','medical',NULL,NULL,NULL,0,'2007-06-15 14:52:04','2007-07-16 18:03:56',1,NULL),
 (66,4,11,NULL,'Do 0.15 cc Bactrim','','medical',NULL,NULL,NULL,0,'2007-06-15 14:52:05','2007-07-16 18:03:56',1,NULL),
 (67,5,11,NULL,'Do 0.15 cc Bactrim','','medical',NULL,NULL,NULL,0,'2007-06-15 14:52:05','2007-07-16 18:03:56',1,NULL),
 (68,6,11,NULL,'Do 0.15 cc Bactrim','','medical',NULL,NULL,NULL,0,'2007-06-15 14:52:05','2007-07-16 18:03:56',1,NULL);
INSERT INTO `tasks` (`id`,`repeat_code`,`medical_treatment_id`,`cage_id`,`title`,`notes`,`internal_description`,`food`,`dish_type`,`dish_num`,`jitter`,`date_started`,`date_ended`,`animal_care`,`room_id`) VALUES 
 (69,7,11,NULL,'Do 0.15 cc Bactrim','','medical',NULL,NULL,NULL,0,'2007-06-15 14:52:05','2007-07-16 18:03:56',1,NULL),
 (70,1,12,NULL,'Do topical antibiotics on torn wing','','medical',NULL,NULL,NULL,0,'2007-06-15 14:53:25','2007-06-29 13:44:53',1,NULL),
 (71,2,12,NULL,'Do topical antibiotics on torn wing','','medical',NULL,NULL,NULL,0,'2007-06-15 14:53:25','2007-06-29 13:44:53',1,NULL),
 (72,3,12,NULL,'Do topical antibiotics on torn wing','','medical',NULL,NULL,NULL,0,'2007-06-15 14:53:25','2007-06-29 13:44:53',1,NULL),
 (73,4,12,NULL,'Do topical antibiotics on torn wing','','medical',NULL,NULL,NULL,0,'2007-06-15 14:53:25','2007-06-29 13:44:53',1,NULL),
 (74,5,12,NULL,'Do topical antibiotics on torn wing','','medical',NULL,NULL,NULL,0,'2007-06-15 14:53:25','2007-06-29 13:44:53',1,NULL),
 (75,6,12,NULL,'Do topical antibiotics on torn wing','','medical',NULL,NULL,NULL,0,'2007-06-15 14:53:25','2007-06-29 13:44:53',1,NULL);
INSERT INTO `tasks` (`id`,`repeat_code`,`medical_treatment_id`,`cage_id`,`title`,`notes`,`internal_description`,`food`,`dish_type`,`dish_num`,`jitter`,`date_started`,`date_ended`,`animal_care`,`room_id`) VALUES 
 (76,7,12,NULL,'Do topical antibiotics on torn wing','','medical',NULL,NULL,NULL,0,'2007-06-15 14:53:25','2007-06-29 13:44:53',1,NULL),
 (77,2,13,NULL,'Do No current treatment- monitor head abscess','','medical',NULL,NULL,NULL,0,'2007-06-15 15:02:17','2007-07-13 14:25:09',1,NULL),
 (78,3,13,NULL,'Do No current treatment- monitor head abscess','','medical',NULL,NULL,NULL,0,'2007-06-15 15:02:17','2007-07-13 14:25:09',1,NULL),
 (79,4,13,NULL,'Do No current treatment- monitor head abscess','','medical',NULL,NULL,NULL,0,'2007-06-15 15:02:17','2007-07-13 14:25:09',1,NULL),
 (80,5,13,NULL,'Do No current treatment- monitor head abscess','','medical',NULL,NULL,NULL,0,'2007-06-15 15:02:17','2007-07-13 14:25:09',1,NULL),
 (81,6,13,NULL,'Do No current treatment- monitor head abscess','','medical',NULL,NULL,NULL,0,'2007-06-15 15:02:17','2007-07-13 14:25:09',1,NULL),
 (82,1,14,NULL,'Do topical antibiotics on eye and all around','','medical',NULL,NULL,NULL,0,'2007-06-15 15:10:04','2007-06-18 19:09:05',1,NULL);
INSERT INTO `tasks` (`id`,`repeat_code`,`medical_treatment_id`,`cage_id`,`title`,`notes`,`internal_description`,`food`,`dish_type`,`dish_num`,`jitter`,`date_started`,`date_ended`,`animal_care`,`room_id`) VALUES 
 (83,2,14,NULL,'Do topical antibiotics on eye and all around','','medical',NULL,NULL,NULL,0,'2007-06-15 15:10:04','2007-06-18 19:09:05',1,NULL),
 (84,3,14,NULL,'Do topical antibiotics on eye and all around','','medical',NULL,NULL,NULL,0,'2007-06-15 15:10:04','2007-06-18 19:09:05',1,NULL),
 (85,4,14,NULL,'Do topical antibiotics on eye and all around','','medical',NULL,NULL,NULL,0,'2007-06-15 15:10:04','2007-06-18 19:09:05',1,NULL),
 (86,5,14,NULL,'Do topical antibiotics on eye and all around','','medical',NULL,NULL,NULL,0,'2007-06-15 15:10:04','2007-06-18 19:09:05',1,NULL),
 (87,6,14,NULL,'Do topical antibiotics on eye and all around','','medical',NULL,NULL,NULL,0,'2007-06-15 15:10:04','2007-06-18 19:09:05',1,NULL),
 (88,7,14,NULL,'Do topical antibiotics on eye and all around','','medical',NULL,NULL,NULL,0,'2007-06-15 15:10:04','2007-06-18 19:09:05',1,NULL),
 (89,2,15,NULL,'Do topical antibiotics on eye and all around PM','','medical',NULL,NULL,NULL,0,'2007-06-15 15:11:14','2007-06-18 19:09:11',1,NULL);
INSERT INTO `tasks` (`id`,`repeat_code`,`medical_treatment_id`,`cage_id`,`title`,`notes`,`internal_description`,`food`,`dish_type`,`dish_num`,`jitter`,`date_started`,`date_ended`,`animal_care`,`room_id`) VALUES 
 (90,3,15,NULL,'Do topical antibiotics on eye and all around PM','','medical',NULL,NULL,NULL,0,'2007-06-15 15:11:14','2007-06-18 19:09:11',1,NULL),
 (91,4,15,NULL,'Do topical antibiotics on eye and all around PM','','medical',NULL,NULL,NULL,0,'2007-06-15 15:11:14','2007-06-18 19:09:11',1,NULL),
 (92,5,15,NULL,'Do topical antibiotics on eye and all around PM','','medical',NULL,NULL,NULL,0,'2007-06-15 15:11:14','2007-06-18 19:09:11',1,NULL),
 (93,6,15,NULL,'Do topical antibiotics on eye and all around PM','','medical',NULL,NULL,NULL,0,'2007-06-15 15:11:14','2007-06-18 19:09:11',1,NULL),
 (94,1,16,NULL,'Do 0.15 cc Bactrim','','medical',NULL,NULL,NULL,0,'2007-06-15 15:12:22','2007-06-18 19:09:14',1,NULL),
 (95,2,16,NULL,'Do 0.15 cc Bactrim','','medical',NULL,NULL,NULL,0,'2007-06-15 15:12:22','2007-06-18 19:09:14',1,NULL),
 (96,3,16,NULL,'Do 0.15 cc Bactrim','','medical',NULL,NULL,NULL,0,'2007-06-15 15:12:22','2007-06-18 19:09:14',1,NULL);
INSERT INTO `tasks` (`id`,`repeat_code`,`medical_treatment_id`,`cage_id`,`title`,`notes`,`internal_description`,`food`,`dish_type`,`dish_num`,`jitter`,`date_started`,`date_ended`,`animal_care`,`room_id`) VALUES 
 (97,4,16,NULL,'Do 0.15 cc Bactrim','','medical',NULL,NULL,NULL,0,'2007-06-15 15:12:22','2007-06-18 19:09:14',1,NULL),
 (98,5,16,NULL,'Do 0.15 cc Bactrim','','medical',NULL,NULL,NULL,0,'2007-06-15 15:12:22','2007-06-18 19:09:14',1,NULL),
 (99,6,16,NULL,'Do 0.15 cc Bactrim','','medical',NULL,NULL,NULL,0,'2007-06-15 15:12:22','2007-06-18 19:09:14',1,NULL),
 (100,7,16,NULL,'Do 0.15 cc Bactrim','','medical',NULL,NULL,NULL,0,'2007-06-15 15:12:22','2007-06-18 19:09:14',1,NULL),
 (101,2,17,NULL,'Do 0.15 cc Bactrim PM','','medical',NULL,NULL,NULL,0,'2007-06-15 15:12:51','2007-06-18 19:09:18',1,NULL),
 (102,3,17,NULL,'Do 0.15 cc Bactrim PM','','medical',NULL,NULL,NULL,0,'2007-06-15 15:12:51','2007-06-18 19:09:18',1,NULL),
 (103,4,17,NULL,'Do 0.15 cc Bactrim PM','','medical',NULL,NULL,NULL,0,'2007-06-15 15:12:51','2007-06-18 19:09:18',1,NULL),
 (104,5,17,NULL,'Do 0.15 cc Bactrim PM','','medical',NULL,NULL,NULL,0,'2007-06-15 15:12:51','2007-06-18 19:09:18',1,NULL);
INSERT INTO `tasks` (`id`,`repeat_code`,`medical_treatment_id`,`cage_id`,`title`,`notes`,`internal_description`,`food`,`dish_type`,`dish_num`,`jitter`,`date_started`,`date_ended`,`animal_care`,`room_id`) VALUES 
 (105,6,17,NULL,'Do 0.15 cc Bactrim PM','','medical',NULL,NULL,NULL,0,'2007-06-15 15:12:51','2007-06-18 19:09:18',1,NULL),
 (106,2,18,NULL,'0.15 cc Bactrim','','medical',NULL,NULL,NULL,0,'2007-06-20 16:42:51','2007-06-30 16:02:36',0,NULL),
 (107,3,18,NULL,'0.15 cc Bactrim','','medical',NULL,NULL,NULL,0,'2007-06-20 16:42:51','2007-06-30 16:02:36',0,NULL),
 (108,4,18,NULL,'0.15 cc Bactrim','','medical',NULL,NULL,NULL,0,'2007-06-20 16:42:51','2007-06-30 16:02:36',0,NULL),
 (109,5,18,NULL,'0.15 cc Bactrim','','medical',NULL,NULL,NULL,0,'2007-06-20 16:42:51','2007-06-30 16:02:36',0,NULL),
 (110,6,18,NULL,'0.15 cc Bactrim','','medical',NULL,NULL,NULL,0,'2007-06-20 16:42:51','2007-06-30 16:02:36',0,NULL),
 (111,7,18,NULL,'0.15 cc Bactrim','','medical',NULL,NULL,NULL,0,'2007-06-20 16:43:04','2007-06-30 16:02:36',1,NULL),
 (112,1,18,NULL,'0.15 cc Bactrim','','medical',NULL,NULL,NULL,0,'2007-06-20 16:43:04','2007-06-30 16:02:36',1,NULL);
INSERT INTO `tasks` (`id`,`repeat_code`,`medical_treatment_id`,`cage_id`,`title`,`notes`,`internal_description`,`food`,`dish_type`,`dish_num`,`jitter`,`date_started`,`date_ended`,`animal_care`,`room_id`) VALUES 
 (113,1,19,NULL,'puppy formula through 1 CC syringe as needed','','medical',NULL,NULL,NULL,0,'2007-06-29 13:41:23','2007-07-18 15:09:56',1,NULL),
 (114,2,19,NULL,'puppy formula through 1 CC syringe as needed','','medical',NULL,NULL,NULL,0,'2007-06-29 13:41:23','2007-07-18 15:09:56',1,NULL),
 (115,3,19,NULL,'puppy formula through 1 CC syringe as needed','','medical',NULL,NULL,NULL,0,'2007-06-29 13:41:23','2007-07-18 15:09:56',1,NULL),
 (116,4,19,NULL,'puppy formula through 1 CC syringe as needed','','medical',NULL,NULL,NULL,0,'2007-06-29 13:41:23','2007-07-18 15:09:56',1,NULL),
 (117,5,19,NULL,'puppy formula through 1 CC syringe as needed','','medical',NULL,NULL,NULL,0,'2007-06-29 13:41:23','2007-07-18 15:09:56',1,NULL),
 (118,6,19,NULL,'puppy formula through 1 CC syringe as needed','','medical',NULL,NULL,NULL,0,'2007-06-29 13:41:23','2007-07-18 15:09:56',1,NULL),
 (119,7,19,NULL,'puppy formula through 1 CC syringe as needed','','medical',NULL,NULL,NULL,0,'2007-06-29 13:41:23','2007-07-18 15:09:56',1,NULL);
INSERT INTO `tasks` (`id`,`repeat_code`,`medical_treatment_id`,`cage_id`,`title`,`notes`,`internal_description`,`food`,`dish_type`,`dish_num`,`jitter`,`date_started`,`date_ended`,`animal_care`,`room_id`) VALUES 
 (120,2,NULL,3,'Weigh cage Med 2','','weigh',NULL,NULL,NULL,0,'2007-06-30 17:06:40','2007-08-17 17:13:41',0,1),
 (121,3,NULL,3,'Weigh cage Med 2','','weigh',NULL,NULL,NULL,0,'2007-06-30 17:06:40','2007-08-17 17:13:41',0,1),
 (122,4,NULL,3,'Weigh cage Med 2','','weigh',NULL,NULL,NULL,0,'2007-06-30 17:06:40','2007-08-17 17:13:41',0,1),
 (123,5,NULL,3,'Weigh cage Med 2','','weigh',NULL,NULL,NULL,0,'2007-06-30 17:06:40','2007-08-17 17:13:41',0,1),
 (124,6,NULL,3,'Weigh cage Med 2','','weigh',NULL,NULL,NULL,0,'2007-06-30 17:06:40','2007-08-17 17:13:41',0,1),
 (130,2,NULL,7,'Weigh cage Med 4','','weigh',NULL,NULL,NULL,0,'2007-06-30 17:07:37','2007-08-17 17:14:27',0,1),
 (131,3,NULL,7,'Weigh cage Med 4','','weigh',NULL,NULL,NULL,0,'2007-06-30 17:07:37','2007-08-17 17:14:30',0,1),
 (132,4,NULL,7,'Weigh cage Med 4','','weigh',NULL,NULL,NULL,0,'2007-06-30 17:07:37','2007-08-17 17:14:31',0,1),
 (133,5,NULL,7,'Weigh cage Med 4','','weigh',NULL,NULL,NULL,0,'2007-06-30 17:07:37','2007-08-17 17:14:33',0,1);
INSERT INTO `tasks` (`id`,`repeat_code`,`medical_treatment_id`,`cage_id`,`title`,`notes`,`internal_description`,`food`,`dish_type`,`dish_num`,`jitter`,`date_started`,`date_ended`,`animal_care`,`room_id`) VALUES 
 (134,6,NULL,7,'Weigh cage Med 4','','weigh',NULL,NULL,NULL,0,'2007-06-30 17:07:37',NULL,1,1),
 (135,1,20,NULL,'0.15cc Bactrim','','medical',NULL,NULL,NULL,0,'2007-07-02 15:48:28','2007-07-10 11:29:23',1,NULL),
 (136,2,20,NULL,'0.15cc Bactrim','','medical',NULL,NULL,NULL,0,'2007-07-02 15:48:28','2007-07-10 11:29:23',1,NULL),
 (137,3,20,NULL,'0.15cc Bactrim','','medical',NULL,NULL,NULL,0,'2007-07-02 15:48:28','2007-07-10 11:29:23',1,NULL),
 (138,4,20,NULL,'0.15cc Bactrim','','medical',NULL,NULL,NULL,0,'2007-07-02 15:48:28','2007-07-10 11:29:23',1,NULL),
 (139,5,20,NULL,'0.15cc Bactrim','','medical',NULL,NULL,NULL,0,'2007-07-02 15:48:28','2007-07-10 11:29:23',1,NULL),
 (140,6,20,NULL,'0.15cc Bactrim','','medical',NULL,NULL,NULL,0,'2007-07-02 15:48:28','2007-07-10 11:29:23',1,NULL),
 (141,7,20,NULL,'0.15cc Bactrim','','medical',NULL,NULL,NULL,0,'2007-07-02 15:48:28','2007-07-10 11:29:23',1,NULL);
INSERT INTO `tasks` (`id`,`repeat_code`,`medical_treatment_id`,`cage_id`,`title`,`notes`,`internal_description`,`food`,`dish_type`,`dish_num`,`jitter`,`date_started`,`date_ended`,`animal_care`,`room_id`) VALUES 
 (142,2,NULL,18,'Weigh cage Quarantine Moms and Pups','','weigh',NULL,NULL,NULL,-1,'2007-07-02 19:39:46','2007-07-13 11:41:36',0,2),
 (143,4,NULL,18,'Weigh cage Quarantine Moms and Pups','','weigh',NULL,NULL,NULL,-1,'2007-07-02 19:39:46','2007-07-13 11:41:36',0,2),
 (144,6,NULL,18,'Weigh cage Quarantine Moms and Pups','','weigh',NULL,NULL,NULL,-1,'2007-07-02 19:39:46','2007-07-13 11:41:36',0,2),
 (145,1,21,NULL,'0.15cc Bactrim','','medical',NULL,NULL,NULL,0,'2007-07-03 10:26:17','2007-07-13 11:47:20',1,NULL),
 (146,2,21,NULL,'0.15cc Bactrim','','medical',NULL,NULL,NULL,0,'2007-07-03 10:26:17','2007-07-13 11:47:20',0,NULL),
 (147,3,21,NULL,'0.15cc Bactrim','','medical',NULL,NULL,NULL,0,'2007-07-03 10:26:17','2007-07-13 11:47:20',0,NULL),
 (148,4,21,NULL,'0.15cc Bactrim','','medical',NULL,NULL,NULL,0,'2007-07-03 10:26:17','2007-07-13 11:47:20',0,NULL),
 (149,5,21,NULL,'0.15cc Bactrim','','medical',NULL,NULL,NULL,0,'2007-07-03 10:26:17','2007-07-13 11:47:20',0,NULL);
INSERT INTO `tasks` (`id`,`repeat_code`,`medical_treatment_id`,`cage_id`,`title`,`notes`,`internal_description`,`food`,`dish_type`,`dish_num`,`jitter`,`date_started`,`date_ended`,`animal_care`,`room_id`) VALUES 
 (150,6,21,NULL,'0.15cc Bactrim','','medical',NULL,NULL,NULL,0,'2007-07-03 10:26:17','2007-07-13 11:47:20',0,NULL),
 (151,7,21,NULL,'0.15cc Bactrim','','medical',NULL,NULL,NULL,0,'2007-07-03 10:26:17','2007-07-13 11:47:20',1,NULL),
 (152,1,22,NULL,'puppy formula second dose','','medical',NULL,NULL,NULL,0,'2007-07-03 16:05:58','2007-07-13 14:05:52',1,NULL),
 (153,2,22,NULL,'puppy formula second dose','','medical',NULL,NULL,NULL,0,'2007-07-03 16:05:58','2007-07-13 14:05:52',1,NULL),
 (154,3,22,NULL,'puppy formula second dose','','medical',NULL,NULL,NULL,0,'2007-07-03 16:05:58','2007-07-13 14:05:52',1,NULL),
 (155,4,22,NULL,'puppy formula second dose','','medical',NULL,NULL,NULL,0,'2007-07-03 16:05:58','2007-07-13 14:05:52',1,NULL),
 (156,5,22,NULL,'puppy formula second dose','','medical',NULL,NULL,NULL,0,'2007-07-03 16:05:58','2007-07-13 14:05:52',1,NULL),
 (157,6,22,NULL,'puppy formula second dose','','medical',NULL,NULL,NULL,0,'2007-07-03 16:05:58','2007-07-13 14:05:52',1,NULL);
INSERT INTO `tasks` (`id`,`repeat_code`,`medical_treatment_id`,`cage_id`,`title`,`notes`,`internal_description`,`food`,`dish_type`,`dish_num`,`jitter`,`date_started`,`date_ended`,`animal_care`,`room_id`) VALUES 
 (158,7,22,NULL,'puppy formula second dose','','medical',NULL,NULL,NULL,0,'2007-07-03 16:05:58','2007-07-13 14:05:52',1,NULL),
 (159,1,23,NULL,'.1 cc Bactrim','','medical',NULL,NULL,NULL,0,'2007-07-05 16:21:42','2007-07-09 00:00:00',1,NULL),
 (160,2,23,NULL,'.1 cc Bactrim','','medical',NULL,NULL,NULL,0,'2007-07-05 16:21:42','2007-07-09 00:00:00',1,NULL),
 (161,3,23,NULL,'.1 cc Bactrim','','medical',NULL,NULL,NULL,0,'2007-07-05 16:21:42','2007-07-09 00:00:00',1,NULL),
 (162,4,23,NULL,'.1 cc Bactrim','','medical',NULL,NULL,NULL,0,'2007-07-05 16:21:42','2007-07-09 00:00:00',1,NULL),
 (163,5,23,NULL,'.1 cc Bactrim','','medical',NULL,NULL,NULL,0,'2007-07-05 16:21:42','2007-07-09 00:00:00',1,NULL),
 (164,6,23,NULL,'.1 cc Bactrim','','medical',NULL,NULL,NULL,0,'2007-07-05 16:21:42','2007-07-09 00:00:00',1,NULL),
 (165,7,23,NULL,'.1 cc Bactrim','','medical',NULL,NULL,NULL,0,'2007-07-05 16:21:42','2007-07-09 00:00:00',1,NULL);
INSERT INTO `tasks` (`id`,`repeat_code`,`medical_treatment_id`,`cage_id`,`title`,`notes`,`internal_description`,`food`,`dish_type`,`dish_num`,`jitter`,`date_started`,`date_ended`,`animal_care`,`room_id`) VALUES 
 (166,1,24,NULL,'0.15 cc Bactrim','','medical',NULL,NULL,NULL,0,'2007-07-09 11:55:04','2007-07-24 14:00:04',1,NULL),
 (167,2,24,NULL,'0.15 cc Bactrim','','medical',NULL,NULL,NULL,0,'2007-07-09 11:55:04','2007-07-24 14:00:04',1,NULL),
 (168,3,24,NULL,'0.15 cc Bactrim','','medical',NULL,NULL,NULL,0,'2007-07-09 11:55:04','2007-07-24 14:00:04',1,NULL),
 (169,4,24,NULL,'0.15 cc Bactrim','','medical',NULL,NULL,NULL,0,'2007-07-09 11:55:04','2007-07-24 14:00:04',1,NULL),
 (170,5,24,NULL,'0.15 cc Bactrim','','medical',NULL,NULL,NULL,0,'2007-07-09 11:55:04','2007-07-24 14:00:04',1,NULL),
 (171,6,24,NULL,'0.15 cc Bactrim','','medical',NULL,NULL,NULL,0,'2007-07-09 11:55:04','2007-07-24 14:00:04',1,NULL),
 (172,7,24,NULL,'0.15 cc Bactrim','','medical',NULL,NULL,NULL,0,'2007-07-09 11:55:04','2007-07-24 14:00:04',1,NULL),
 (173,7,NULL,29,'Weigh cage Pendulum','','weigh',NULL,NULL,NULL,0,'2007-07-09 16:36:04','2007-07-09 16:37:08',0,2);
INSERT INTO `tasks` (`id`,`repeat_code`,`medical_treatment_id`,`cage_id`,`title`,`notes`,`internal_description`,`food`,`dish_type`,`dish_num`,`jitter`,`date_started`,`date_ended`,`animal_care`,`room_id`) VALUES 
 (174,1,NULL,29,'Weigh cage Pendulum','','weigh',NULL,NULL,NULL,0,'2007-07-09 16:36:04','2007-07-09 16:37:05',0,2),
 (175,1,25,NULL,'0.15 cc Bactrim','','medical',NULL,NULL,NULL,0,'2007-07-09 17:25:06','2007-07-09 17:26:29',1,NULL),
 (176,2,25,NULL,'0.15 cc Bactrim','','medical',NULL,NULL,NULL,0,'2007-07-09 17:25:06','2007-07-09 17:26:29',1,NULL),
 (177,3,25,NULL,'0.15 cc Bactrim','','medical',NULL,NULL,NULL,0,'2007-07-09 17:25:06','2007-07-09 17:26:29',1,NULL),
 (178,4,25,NULL,'0.15 cc Bactrim','','medical',NULL,NULL,NULL,0,'2007-07-09 17:25:06','2007-07-09 17:26:29',1,NULL),
 (179,5,25,NULL,'0.15 cc Bactrim','','medical',NULL,NULL,NULL,0,'2007-07-09 17:25:06','2007-07-09 17:26:29',1,NULL),
 (180,6,25,NULL,'0.15 cc Bactrim','','medical',NULL,NULL,NULL,0,'2007-07-09 17:25:06','2007-07-09 17:26:29',1,NULL),
 (181,7,25,NULL,'0.15 cc Bactrim','','medical',NULL,NULL,NULL,0,'2007-07-09 17:25:06','2007-07-09 17:26:29',1,NULL);
INSERT INTO `tasks` (`id`,`repeat_code`,`medical_treatment_id`,`cage_id`,`title`,`notes`,`internal_description`,`food`,`dish_type`,`dish_num`,`jitter`,`date_started`,`date_ended`,`animal_care`,`room_id`) VALUES 
 (182,3,NULL,18,'Weigh cage Quarantine Moms and Pups','','weigh',NULL,NULL,NULL,-1,'2007-07-13 11:41:48',NULL,0,2),
 (183,5,NULL,18,'Weigh cage Quarantine Moms and Pups','','weigh',NULL,NULL,NULL,-1,'2007-07-13 11:41:48',NULL,0,2),
 (184,1,27,NULL,'drain head abscess if needed','','medical',NULL,NULL,NULL,0,'2007-07-13 14:26:14','2007-08-10 20:13:50',1,NULL),
 (185,2,27,NULL,'drain head abscess if needed','','medical',NULL,NULL,NULL,0,'2007-07-13 14:26:15',NULL,1,NULL),
 (186,3,27,NULL,'drain head abscess if needed','','medical',NULL,NULL,NULL,0,'2007-07-13 14:26:15','2007-08-17 13:12:13',1,NULL),
 (187,4,27,NULL,'drain head abscess if needed','','medical',NULL,NULL,NULL,0,'2007-07-13 14:26:15',NULL,1,NULL),
 (188,5,27,NULL,'drain head abscess if needed','','medical',NULL,NULL,NULL,0,'2007-07-13 14:26:15','2007-08-17 13:12:15',1,NULL),
 (189,6,27,NULL,'drain head abscess if needed','','medical',NULL,NULL,NULL,0,'2007-07-13 14:26:15',NULL,1,NULL);
INSERT INTO `tasks` (`id`,`repeat_code`,`medical_treatment_id`,`cage_id`,`title`,`notes`,`internal_description`,`food`,`dish_type`,`dish_num`,`jitter`,`date_started`,`date_ended`,`animal_care`,`room_id`) VALUES 
 (190,7,27,NULL,'drain head abscess if needed','','medical',NULL,NULL,NULL,0,'2007-07-13 14:26:15','2007-08-10 20:13:53',1,NULL),
 (191,1,28,NULL,'0.15 cc Bactrim','','medical',NULL,NULL,NULL,0,'2007-07-16 17:54:36','2007-07-26 15:28:08',1,NULL),
 (192,2,28,NULL,'0.15 cc Bactrim','','medical',NULL,NULL,NULL,0,'2007-07-16 17:54:36','2007-07-26 15:28:08',1,NULL),
 (193,3,28,NULL,'0.15 cc Bactrim','','medical',NULL,NULL,NULL,0,'2007-07-16 17:54:36','2007-07-26 15:28:08',1,NULL),
 (194,4,28,NULL,'0.15 cc Bactrim','','medical',NULL,NULL,NULL,0,'2007-07-16 17:54:37','2007-07-26 15:28:08',1,NULL),
 (195,5,28,NULL,'0.15 cc Bactrim','','medical',NULL,NULL,NULL,0,'2007-07-16 17:54:37','2007-07-26 15:28:08',1,NULL),
 (196,6,28,NULL,'0.15 cc Bactrim','','medical',NULL,NULL,NULL,0,'2007-07-16 17:54:37','2007-07-26 15:28:08',1,NULL),
 (197,7,28,NULL,'0.15 cc Bactrim','','medical',NULL,NULL,NULL,0,'2007-07-16 17:54:37','2007-07-26 15:28:08',1,NULL);
INSERT INTO `tasks` (`id`,`repeat_code`,`medical_treatment_id`,`cage_id`,`title`,`notes`,`internal_description`,`food`,`dish_type`,`dish_num`,`jitter`,`date_started`,`date_ended`,`animal_care`,`room_id`) VALUES 
 (198,2,29,NULL,'observe/monitor wing growth','','medical',NULL,NULL,NULL,0,'2007-07-16 18:04:22',NULL,1,NULL),
 (199,3,29,NULL,'observe/monitor wing growth','','medical',NULL,NULL,NULL,0,'2007-07-16 18:04:22','2007-08-17 13:10:56',1,NULL),
 (200,4,29,NULL,'observe/monitor wing growth','','medical',NULL,NULL,NULL,0,'2007-07-16 18:04:22',NULL,1,NULL),
 (201,5,29,NULL,'observe/monitor wing growth','','medical',NULL,NULL,NULL,0,'2007-07-16 18:04:22','2007-08-17 13:10:59',1,NULL),
 (202,6,29,NULL,'observe/monitor wing growth','','medical',NULL,NULL,NULL,0,'2007-07-16 18:04:22',NULL,1,NULL),
 (203,3,NULL,26,'Weigh cage QKG','','weigh',NULL,NULL,NULL,-1,'2007-07-18 15:11:48',NULL,0,2),
 (204,5,NULL,26,'Weigh cage QKG','','weigh',NULL,NULL,NULL,-1,'2007-07-18 15:11:48',NULL,0,2),
 (205,1,30,NULL,'drain, 0.15cc bactrim','','medical',NULL,NULL,NULL,0,'2007-07-24 13:52:28',NULL,1,NULL),
 (206,2,30,NULL,'drain, 0.15cc bactrim','','medical',NULL,NULL,NULL,0,'2007-07-24 13:52:28',NULL,1,NULL);
INSERT INTO `tasks` (`id`,`repeat_code`,`medical_treatment_id`,`cage_id`,`title`,`notes`,`internal_description`,`food`,`dish_type`,`dish_num`,`jitter`,`date_started`,`date_ended`,`animal_care`,`room_id`) VALUES 
 (207,3,30,NULL,'drain, 0.15cc bactrim','','medical',NULL,NULL,NULL,0,'2007-07-24 13:52:28',NULL,1,NULL),
 (208,4,30,NULL,'drain, 0.15cc bactrim','','medical',NULL,NULL,NULL,0,'2007-07-24 13:52:28',NULL,1,NULL),
 (209,5,30,NULL,'drain, 0.15cc bactrim','','medical',NULL,NULL,NULL,0,'2007-07-24 13:52:28',NULL,1,NULL),
 (210,6,30,NULL,'drain, 0.15cc bactrim','','medical',NULL,NULL,NULL,0,'2007-07-24 13:52:28',NULL,1,NULL),
 (211,7,30,NULL,'drain, 0.15cc bactrim','','medical',NULL,NULL,NULL,0,'2007-07-24 13:52:28',NULL,1,NULL),
 (212,1,35,NULL,'0.15cc Bactrim, feed separately','','medical',NULL,NULL,NULL,0,'2007-07-27 12:47:55','2007-08-03 12:10:49',1,NULL),
 (213,2,35,NULL,'0.15cc Bactrim, feed separately','','medical',NULL,NULL,NULL,0,'2007-07-27 12:47:55','2007-08-03 12:10:49',1,NULL),
 (214,3,35,NULL,'0.15cc Bactrim, feed separately','','medical',NULL,NULL,NULL,0,'2007-07-27 12:47:55','2007-08-03 12:10:49',1,NULL);
INSERT INTO `tasks` (`id`,`repeat_code`,`medical_treatment_id`,`cage_id`,`title`,`notes`,`internal_description`,`food`,`dish_type`,`dish_num`,`jitter`,`date_started`,`date_ended`,`animal_care`,`room_id`) VALUES 
 (215,4,35,NULL,'0.15cc Bactrim, feed separately','','medical',NULL,NULL,NULL,0,'2007-07-27 12:47:55','2007-08-03 12:10:49',1,NULL),
 (216,5,35,NULL,'0.15cc Bactrim, feed separately','','medical',NULL,NULL,NULL,0,'2007-07-27 12:47:55','2007-08-03 12:10:49',1,NULL),
 (217,6,35,NULL,'0.15cc Bactrim, feed separately','','medical',NULL,NULL,NULL,0,'2007-07-27 12:47:55','2007-08-03 12:10:49',1,NULL),
 (218,7,35,NULL,'0.15cc Bactrim, feed separately','','medical',NULL,NULL,NULL,0,'2007-07-27 12:47:55','2007-08-03 12:10:49',1,NULL),
 (219,2,31,NULL,'no treatment, monitor','','medical',NULL,NULL,NULL,0,'2007-07-30 14:47:23',NULL,1,NULL),
 (220,3,31,NULL,'no treatment, monitor','','medical',NULL,NULL,NULL,0,'2007-07-30 14:47:25','2007-08-17 13:11:53',1,NULL),
 (221,4,31,NULL,'no treatment, monitor','','medical',NULL,NULL,NULL,0,'2007-07-30 14:47:29',NULL,1,NULL),
 (222,5,31,NULL,'no treatment, monitor','','medical',NULL,NULL,NULL,0,'2007-07-30 14:47:31','2007-08-17 13:11:55',1,NULL);
INSERT INTO `tasks` (`id`,`repeat_code`,`medical_treatment_id`,`cage_id`,`title`,`notes`,`internal_description`,`food`,`dish_type`,`dish_num`,`jitter`,`date_started`,`date_ended`,`animal_care`,`room_id`) VALUES 
 (223,6,31,NULL,'no treatment, monitor','','medical',NULL,NULL,NULL,0,'2007-07-30 14:47:33',NULL,1,NULL),
 (224,2,34,NULL,'no treatment, monitor','','medical',NULL,NULL,NULL,0,'2007-07-30 14:47:55',NULL,1,NULL),
 (225,3,34,NULL,'no treatment, monitor','','medical',NULL,NULL,NULL,0,'2007-07-30 14:47:57','2007-08-17 13:11:41',1,NULL),
 (226,4,34,NULL,'no treatment, monitor','','medical',NULL,NULL,NULL,0,'2007-07-30 14:47:59',NULL,1,NULL),
 (227,5,34,NULL,'no treatment, monitor','','medical',NULL,NULL,NULL,0,'2007-07-30 14:48:00','2007-08-17 13:11:43',1,NULL),
 (228,6,34,NULL,'no treatment, monitor','','medical',NULL,NULL,NULL,0,'2007-07-30 14:48:02',NULL,1,NULL),
 (229,2,32,NULL,'no treatment, monitor','','medical',NULL,NULL,NULL,0,'2007-07-30 14:48:25',NULL,1,NULL),
 (230,3,32,NULL,'no treatment, monitor','','medical',NULL,NULL,NULL,0,'2007-07-30 14:48:26','2007-08-17 13:11:21',1,NULL),
 (231,4,32,NULL,'no treatment, monitor','','medical',NULL,NULL,NULL,0,'2007-07-30 14:48:28',NULL,1,NULL);
INSERT INTO `tasks` (`id`,`repeat_code`,`medical_treatment_id`,`cage_id`,`title`,`notes`,`internal_description`,`food`,`dish_type`,`dish_num`,`jitter`,`date_started`,`date_ended`,`animal_care`,`room_id`) VALUES 
 (232,5,32,NULL,'no treatment, monitor','','medical',NULL,NULL,NULL,0,'2007-07-30 14:48:30','2007-08-17 13:11:25',1,NULL),
 (233,6,32,NULL,'no treatment, monitor','','medical',NULL,NULL,NULL,0,'2007-07-30 14:48:31',NULL,1,NULL),
 (234,2,33,NULL,'no treatment, monitor','','medical',NULL,NULL,NULL,0,'2007-07-30 14:48:47','2007-08-10 20:08:21',1,NULL),
 (235,3,33,NULL,'no treatment, monitor','','medical',NULL,NULL,NULL,0,'2007-07-30 14:48:49','2007-08-10 20:08:21',1,NULL),
 (236,4,33,NULL,'no treatment, monitor','','medical',NULL,NULL,NULL,0,'2007-07-30 14:48:50','2007-08-10 20:08:21',1,NULL),
 (237,5,33,NULL,'no treatment, monitor','','medical',NULL,NULL,NULL,0,'2007-07-30 14:48:52','2007-08-10 20:08:21',1,NULL),
 (238,6,33,NULL,'no treatment, monitor','','medical',NULL,NULL,NULL,0,'2007-07-30 14:48:54','2007-08-10 20:08:21',1,NULL),
 (239,1,36,NULL,'0.15 cc Bactrim','','medical',NULL,NULL,NULL,0,'2007-07-31 12:23:38',NULL,0,NULL);
INSERT INTO `tasks` (`id`,`repeat_code`,`medical_treatment_id`,`cage_id`,`title`,`notes`,`internal_description`,`food`,`dish_type`,`dish_num`,`jitter`,`date_started`,`date_ended`,`animal_care`,`room_id`) VALUES 
 (240,2,36,NULL,'0.15 cc Bactrim','','medical',NULL,NULL,NULL,0,'2007-07-31 12:23:38',NULL,0,NULL),
 (241,3,36,NULL,'0.15 cc Bactrim','','medical',NULL,NULL,NULL,0,'2007-07-31 12:23:38',NULL,0,NULL),
 (242,4,36,NULL,'0.15 cc Bactrim','','medical',NULL,NULL,NULL,0,'2007-07-31 12:23:38',NULL,0,NULL),
 (243,5,36,NULL,'0.15 cc Bactrim','','medical',NULL,NULL,NULL,0,'2007-07-31 12:23:39',NULL,0,NULL),
 (244,6,36,NULL,'0.15 cc Bactrim','','medical',NULL,NULL,NULL,0,'2007-07-31 12:23:39',NULL,0,NULL),
 (245,7,36,NULL,'0.15 cc Bactrim','','medical',NULL,NULL,NULL,0,'2007-07-31 12:23:39',NULL,0,NULL),
 (246,1,37,NULL,'0.15cc bactrim','','medical',NULL,NULL,NULL,0,'2007-08-01 10:01:51','2007-08-02 18:39:13',1,NULL),
 (247,2,37,NULL,'0.15cc bactrim','','medical',NULL,NULL,NULL,0,'2007-08-01 10:01:51','2007-08-02 18:39:13',1,NULL),
 (248,3,37,NULL,'0.15cc bactrim','','medical',NULL,NULL,NULL,0,'2007-08-01 10:01:51','2007-08-02 18:39:13',1,NULL);
INSERT INTO `tasks` (`id`,`repeat_code`,`medical_treatment_id`,`cage_id`,`title`,`notes`,`internal_description`,`food`,`dish_type`,`dish_num`,`jitter`,`date_started`,`date_ended`,`animal_care`,`room_id`) VALUES 
 (249,4,37,NULL,'0.15cc bactrim','','medical',NULL,NULL,NULL,0,'2007-08-01 10:01:51','2007-08-02 18:39:13',1,NULL),
 (250,5,37,NULL,'0.15cc bactrim','','medical',NULL,NULL,NULL,0,'2007-08-01 10:01:51','2007-08-02 18:39:13',1,NULL),
 (251,6,37,NULL,'0.15cc bactrim','','medical',NULL,NULL,NULL,0,'2007-08-01 10:01:51','2007-08-02 18:39:13',1,NULL),
 (252,7,37,NULL,'0.15cc bactrim','','medical',NULL,NULL,NULL,0,'2007-08-01 10:01:51','2007-08-02 18:39:13',1,NULL),
 (253,1,38,NULL,'0.15cc bactrim second dose','','medical',NULL,NULL,NULL,0,'2007-08-01 12:24:37','2007-08-02 18:39:05',1,NULL),
 (254,2,38,NULL,'0.15cc bactrim second dose','','medical',NULL,NULL,NULL,0,'2007-08-01 12:24:37','2007-08-02 18:39:05',1,NULL),
 (255,3,38,NULL,'0.15cc bactrim second dose','','medical',NULL,NULL,NULL,0,'2007-08-01 12:24:37','2007-08-02 18:39:05',1,NULL),
 (256,4,38,NULL,'0.15cc bactrim second dose','','medical',NULL,NULL,NULL,0,'2007-08-01 12:24:38','2007-08-02 18:39:05',1,NULL);
INSERT INTO `tasks` (`id`,`repeat_code`,`medical_treatment_id`,`cage_id`,`title`,`notes`,`internal_description`,`food`,`dish_type`,`dish_num`,`jitter`,`date_started`,`date_ended`,`animal_care`,`room_id`) VALUES 
 (257,5,38,NULL,'0.15cc bactrim second dose','','medical',NULL,NULL,NULL,0,'2007-08-01 12:24:38','2007-08-02 18:39:05',1,NULL),
 (258,6,38,NULL,'0.15cc bactrim second dose','','medical',NULL,NULL,NULL,0,'2007-08-01 12:24:38','2007-08-02 18:39:05',1,NULL),
 (259,7,38,NULL,'0.15cc bactrim second dose','','medical',NULL,NULL,NULL,0,'2007-08-01 12:24:38','2007-08-02 18:39:05',1,NULL),
 (260,1,39,NULL,'0.15 cc Bactrim second dosage','','medical',NULL,NULL,NULL,0,'2007-08-01 15:58:22',NULL,1,NULL),
 (261,2,39,NULL,'0.15 cc Bactrim second dosage','','medical',NULL,NULL,NULL,0,'2007-08-01 15:58:22',NULL,1,NULL),
 (262,3,39,NULL,'0.15 cc Bactrim second dosage','','medical',NULL,NULL,NULL,0,'2007-08-01 15:58:22',NULL,1,NULL),
 (263,4,39,NULL,'0.15 cc Bactrim second dosage','','medical',NULL,NULL,NULL,0,'2007-08-01 15:58:22',NULL,1,NULL),
 (264,5,39,NULL,'0.15 cc Bactrim second dosage','','medical',NULL,NULL,NULL,0,'2007-08-01 15:58:22',NULL,1,NULL);
INSERT INTO `tasks` (`id`,`repeat_code`,`medical_treatment_id`,`cage_id`,`title`,`notes`,`internal_description`,`food`,`dish_type`,`dish_num`,`jitter`,`date_started`,`date_ended`,`animal_care`,`room_id`) VALUES 
 (265,6,39,NULL,'0.15 cc Bactrim second dosage','','medical',NULL,NULL,NULL,0,'2007-08-01 15:58:22',NULL,1,NULL),
 (266,7,39,NULL,'0.15 cc Bactrim second dosage','','medical',NULL,NULL,NULL,0,'2007-08-01 15:58:22',NULL,1,NULL),
 (267,2,40,NULL,'.04 cc Baytril + Ringer\'s injected sub cu','','medical',NULL,NULL,NULL,0,'2007-08-02 18:40:02','2007-08-03 00:00:00',1,NULL),
 (268,3,40,NULL,'.04 cc Baytril + Ringer\'s injected sub cu','','medical',NULL,NULL,NULL,0,'2007-08-02 18:40:02','2007-08-03 00:00:00',1,NULL),
 (269,4,40,NULL,'.04 cc Baytril + Ringer\'s injected sub cu','','medical',NULL,NULL,NULL,0,'2007-08-02 18:40:02','2007-08-03 00:00:00',1,NULL),
 (270,5,40,NULL,'.04 cc Baytril + Ringer\'s injected sub cu','','medical',NULL,NULL,NULL,0,'2007-08-02 18:40:02','2007-08-03 00:00:00',1,NULL),
 (271,6,40,NULL,'.04 cc Baytril + Ringer\'s injected sub cu','','medical',NULL,NULL,NULL,0,'2007-08-02 18:40:02','2007-08-03 00:00:00',1,NULL);
INSERT INTO `tasks` (`id`,`repeat_code`,`medical_treatment_id`,`cage_id`,`title`,`notes`,`internal_description`,`food`,`dish_type`,`dish_num`,`jitter`,`date_started`,`date_ended`,`animal_care`,`room_id`) VALUES 
 (272,7,40,NULL,'.04 cc Baytril + Ringer\'s injected sub cu','','medical',NULL,NULL,NULL,0,'2007-08-02 18:40:02','2007-08-03 00:00:00',1,NULL),
 (273,1,40,NULL,'.04 cc Baytril + Ringer\'s injected sub cu','','medical',NULL,NULL,NULL,0,'2007-08-02 18:40:02','2007-08-03 00:00:00',1,NULL),
 (274,1,41,NULL,'.04 cc Baytril + Ringer\'s second dose','','medical',NULL,NULL,NULL,0,'2007-08-02 18:45:37','2007-08-03 00:00:00',1,NULL),
 (275,2,41,NULL,'.04 cc Baytril + Ringer\'s second dose','','medical',NULL,NULL,NULL,0,'2007-08-02 18:45:37','2007-08-03 00:00:00',1,NULL),
 (276,3,41,NULL,'.04 cc Baytril + Ringer\'s second dose','','medical',NULL,NULL,NULL,0,'2007-08-02 18:45:37','2007-08-03 00:00:00',1,NULL),
 (277,4,41,NULL,'.04 cc Baytril + Ringer\'s second dose','','medical',NULL,NULL,NULL,0,'2007-08-02 18:45:38','2007-08-03 00:00:00',1,NULL),
 (278,5,41,NULL,'.04 cc Baytril + Ringer\'s second dose','','medical',NULL,NULL,NULL,0,'2007-08-02 18:45:38','2007-08-03 00:00:00',1,NULL);
INSERT INTO `tasks` (`id`,`repeat_code`,`medical_treatment_id`,`cage_id`,`title`,`notes`,`internal_description`,`food`,`dish_type`,`dish_num`,`jitter`,`date_started`,`date_ended`,`animal_care`,`room_id`) VALUES 
 (279,6,41,NULL,'.04 cc Baytril + Ringer\'s second dose','','medical',NULL,NULL,NULL,0,'2007-08-02 18:45:38','2007-08-03 00:00:00',1,NULL),
 (280,7,41,NULL,'.04 cc Baytril + Ringer\'s second dose','','medical',NULL,NULL,NULL,0,'2007-08-02 18:45:38','2007-08-03 00:00:00',1,NULL),
 (281,1,42,NULL,'0.15cc Bactrim','','medical',NULL,NULL,NULL,0,'2007-08-06 16:06:37','2007-08-10 19:46:28',1,NULL),
 (282,2,42,NULL,'0.15cc Bactrim','','medical',NULL,NULL,NULL,0,'2007-08-06 16:06:37','2007-08-10 19:46:28',1,NULL),
 (283,3,42,NULL,'0.15cc Bactrim','','medical',NULL,NULL,NULL,0,'2007-08-06 16:06:37','2007-08-10 19:46:28',1,NULL),
 (284,4,42,NULL,'0.15cc Bactrim','','medical',NULL,NULL,NULL,0,'2007-08-06 16:06:37','2007-08-10 19:46:28',1,NULL),
 (285,5,42,NULL,'0.15cc Bactrim','','medical',NULL,NULL,NULL,0,'2007-08-06 16:06:37','2007-08-10 19:46:28',1,NULL),
 (286,6,42,NULL,'0.15cc Bactrim','','medical',NULL,NULL,NULL,0,'2007-08-06 16:06:37','2007-08-10 19:46:28',1,NULL);
INSERT INTO `tasks` (`id`,`repeat_code`,`medical_treatment_id`,`cage_id`,`title`,`notes`,`internal_description`,`food`,`dish_type`,`dish_num`,`jitter`,`date_started`,`date_ended`,`animal_care`,`room_id`) VALUES 
 (287,7,42,NULL,'0.15cc Bactrim','','medical',NULL,NULL,NULL,0,'2007-08-06 16:06:37','2007-08-10 19:46:28',1,NULL),
 (288,1,44,NULL,'monitor and topical antibiotic ','','medical',NULL,NULL,NULL,0,'2007-08-06 16:52:54','2007-08-10 20:13:23',1,NULL),
 (289,2,44,NULL,'monitor and topical antibiotic ','','medical',NULL,NULL,NULL,0,'2007-08-06 16:52:54','2007-08-13 17:27:25',1,NULL),
 (290,3,44,NULL,'monitor and topical antibiotic ','','medical',NULL,NULL,NULL,0,'2007-08-06 16:52:54','2007-08-13 17:27:26',1,NULL),
 (291,4,44,NULL,'monitor and topical antibiotic ','','medical',NULL,NULL,NULL,0,'2007-08-06 16:52:54','2007-08-13 17:27:26',1,NULL),
 (292,5,44,NULL,'monitor and topical antibiotic ','','medical',NULL,NULL,NULL,0,'2007-08-06 16:52:54','2007-08-13 17:27:26',1,NULL),
 (293,6,44,NULL,'monitor and topical antibiotic ','','medical',NULL,NULL,NULL,0,'2007-08-06 16:52:54','2007-08-13 17:27:26',1,NULL),
 (294,7,44,NULL,'monitor and topical antibiotic ','','medical',NULL,NULL,NULL,0,'2007-08-06 16:52:54','2007-08-10 20:13:23',1,NULL);
INSERT INTO `tasks` (`id`,`repeat_code`,`medical_treatment_id`,`cage_id`,`title`,`notes`,`internal_description`,`food`,`dish_type`,`dish_num`,`jitter`,`date_started`,`date_ended`,`animal_care`,`room_id`) VALUES 
 (295,1,46,NULL,'0.15cc Bactrim daily','','medical',NULL,NULL,NULL,0,'2007-08-13 17:52:22',NULL,1,NULL),
 (296,2,46,NULL,'0.15cc Bactrim daily','','medical',NULL,NULL,NULL,0,'2007-08-13 17:52:22',NULL,1,NULL),
 (297,3,46,NULL,'0.15cc Bactrim daily','','medical',NULL,NULL,NULL,0,'2007-08-13 17:52:22',NULL,1,NULL),
 (298,4,46,NULL,'0.15cc Bactrim daily','','medical',NULL,NULL,NULL,0,'2007-08-13 17:52:22',NULL,1,NULL),
 (299,5,46,NULL,'0.15cc Bactrim daily','','medical',NULL,NULL,NULL,0,'2007-08-13 17:52:22',NULL,1,NULL),
 (300,6,46,NULL,'0.15cc Bactrim daily','','medical',NULL,NULL,NULL,0,'2007-08-13 17:52:22',NULL,1,NULL),
 (301,7,46,NULL,'0.15cc Bactrim daily','','medical',NULL,NULL,NULL,0,'2007-08-13 17:52:22',NULL,1,NULL),
 (302,2,NULL,3,'Weigh cage Med 2','','weigh',NULL,NULL,NULL,0,'2007-08-17 17:13:38','2007-08-17 17:13:41',1,1),
 (303,3,NULL,3,'Weigh cage Med 2','','weigh',NULL,NULL,NULL,0,'2007-08-17 17:13:38','2007-08-17 17:13:41',1,1);
INSERT INTO `tasks` (`id`,`repeat_code`,`medical_treatment_id`,`cage_id`,`title`,`notes`,`internal_description`,`food`,`dish_type`,`dish_num`,`jitter`,`date_started`,`date_ended`,`animal_care`,`room_id`) VALUES 
 (304,4,NULL,3,'Weigh cage Med 2','','weigh',NULL,NULL,NULL,0,'2007-08-17 17:13:38','2007-08-17 17:13:41',1,1),
 (305,5,NULL,3,'Weigh cage Med 2','','weigh',NULL,NULL,NULL,0,'2007-08-17 17:13:38','2007-08-17 17:13:41',1,1),
 (306,6,NULL,3,'Weigh cage Med 2','','weigh',NULL,NULL,NULL,0,'2007-08-17 17:13:38','2007-08-17 17:13:41',1,1),
 (307,2,NULL,3,'Weigh cage Med 2','','weigh',NULL,NULL,NULL,0,'2007-08-17 17:13:44',NULL,1,1),
 (308,3,NULL,3,'Weigh cage Med 2','','weigh',NULL,NULL,NULL,0,'2007-08-17 17:13:44',NULL,1,1),
 (309,4,NULL,3,'Weigh cage Med 2','','weigh',NULL,NULL,NULL,0,'2007-08-17 17:13:44',NULL,1,1),
 (310,5,NULL,3,'Weigh cage Med 2','','weigh',NULL,NULL,NULL,0,'2007-08-17 17:13:44',NULL,1,1),
 (311,6,NULL,3,'Weigh cage Med 2','','weigh',NULL,NULL,NULL,0,'2007-08-17 17:13:44',NULL,1,1),
 (312,2,NULL,7,'Weigh cage Med 4','','weigh',NULL,NULL,NULL,0,'2007-08-17 17:14:56',NULL,1,1);
INSERT INTO `tasks` (`id`,`repeat_code`,`medical_treatment_id`,`cage_id`,`title`,`notes`,`internal_description`,`food`,`dish_type`,`dish_num`,`jitter`,`date_started`,`date_ended`,`animal_care`,`room_id`) VALUES 
 (313,3,NULL,7,'Weigh cage Med 4','','weigh',NULL,NULL,NULL,0,'2007-08-17 17:14:56',NULL,1,1),
 (314,4,NULL,7,'Weigh cage Med 4','','weigh',NULL,NULL,NULL,0,'2007-08-17 17:14:56',NULL,1,1),
 (315,5,NULL,7,'Weigh cage Med 4','','weigh',NULL,NULL,NULL,0,'2007-08-17 17:14:56',NULL,1,1);
/*!40000 ALTER TABLE `tasks` ENABLE KEYS */;


--
-- Definition of table `tasks_users`
--

DROP TABLE IF EXISTS `tasks_users`;
CREATE TABLE `tasks_users` (
  `user_id` int(10) unsigned NOT NULL,
  `task_id` int(10) unsigned NOT NULL,
  PRIMARY KEY  (`user_id`,`task_id`)
) ENGINE=InnoDB DEFAULT CHARSET=latin1;

--
-- Dumping data for table `tasks_users`
--

/*!40000 ALTER TABLE `tasks_users` DISABLE KEYS */;
INSERT INTO `tasks_users` (`user_id`,`task_id`) VALUES 
 (1,3),
 (1,9),
 (1,10),
 (1,11),
 (1,12),
 (1,13),
 (1,14),
 (1,15),
 (1,16),
 (1,17),
 (1,18),
 (1,19),
 (1,20),
 (1,21),
 (1,22),
 (1,23),
 (1,24),
 (1,25),
 (1,26),
 (1,32),
 (1,40),
 (1,41),
 (1,47),
 (1,48),
 (1,54),
 (1,55),
 (1,56),
 (1,57),
 (1,58),
 (1,59),
 (1,60),
 (1,61),
 (1,120),
 (1,121),
 (1,122),
 (1,123),
 (1,130),
 (1,131),
 (1,132),
 (1,133),
 (2,3),
 (2,9),
 (2,10),
 (2,11),
 (2,12),
 (2,13),
 (2,14),
 (2,15),
 (2,16),
 (2,17),
 (2,18),
 (2,19),
 (2,20),
 (2,21),
 (2,22),
 (2,23),
 (2,24),
 (2,25),
 (2,26),
 (2,32),
 (2,40),
 (2,41),
 (2,47),
 (2,48),
 (2,54),
 (2,55),
 (2,56),
 (2,57),
 (2,58),
 (2,59),
 (2,60),
 (2,61),
 (2,120),
 (2,121),
 (2,122),
 (2,123),
 (2,124),
 (2,130),
 (2,131),
 (2,132),
 (2,133),
 (3,3),
 (3,9),
 (3,10),
 (3,11),
 (3,12),
 (3,13),
 (3,14),
 (3,15),
 (3,16),
 (3,17),
 (3,18),
 (3,19),
 (3,20),
 (3,21),
 (3,22),
 (3,23),
 (3,24),
 (3,25),
 (3,26),
 (3,32),
 (3,40),
 (3,41),
 (3,47),
 (3,48);
INSERT INTO `tasks_users` (`user_id`,`task_id`) VALUES 
 (3,54),
 (3,55),
 (3,56),
 (3,57),
 (3,58),
 (3,59),
 (3,60),
 (3,61),
 (3,120),
 (3,121),
 (3,122),
 (3,123),
 (3,124),
 (3,130),
 (3,131),
 (3,132),
 (3,133),
 (3,239),
 (3,240),
 (3,241),
 (3,242),
 (3,243),
 (3,244),
 (3,245),
 (5,62),
 (5,106),
 (5,107),
 (5,108),
 (5,109),
 (5,110),
 (5,142),
 (5,143),
 (5,144),
 (5,182),
 (5,183),
 (5,203),
 (5,204),
 (7,173),
 (7,174),
 (8,10),
 (8,120),
 (8,121),
 (8,122),
 (8,123),
 (8,124),
 (8,130),
 (8,131),
 (8,132),
 (8,133),
 (9,146),
 (9,147),
 (9,148),
 (9,149),
 (9,150);
/*!40000 ALTER TABLE `tasks_users` ENABLE KEYS */;


--
-- Definition of table `users`
--

DROP TABLE IF EXISTS `users`;
CREATE TABLE `users` (
  `id` int(10) unsigned NOT NULL auto_increment,
  `name` varchar(100) NOT NULL,
  `initials` varchar(45) NOT NULL,
  `email` varchar(100) default NULL,
  `start_date` datetime NOT NULL,
  `end_date` datetime default NULL,
  `job_type` varchar(45) default NULL,
  PRIMARY KEY  (`id`)
) ENGINE=InnoDB DEFAULT CHARSET=utf8;

--
-- Dumping data for table `users`
--

/*!40000 ALTER TABLE `users` DISABLE KEYS */;
INSERT INTO `users` (`id`,`name`,`initials`,`email`,`start_date`,`end_date`,`job_type`) VALUES 
 (1,'Ben Falk','BF','falk.ben@gmail.com','2007-06-05 00:00:00',NULL,' Administrator'),
 (2,'Jenny Finder','JF','jfinder@umd.edu','2007-06-11 00:00:00',NULL,'Medical Care'),
 (3,'Amaya Perez','AP','amaya.eneko@gmail.com','2007-06-11 00:00:00',NULL,'Medical Care Administrator'),
 (4,'Vanessa Reed','VR','nessareed@mindspring.com','2007-06-11 00:00:00',NULL,' Animal Care'),
 (5,'Genni Spanjer Wright','GSW','myotis@gmail.com','2007-06-11 00:00:00',NULL,''),
 (6,'Wei Xian','WX','wxian@psyc.umd.edu','2007-06-14 00:00:00',NULL,'Medical Care'),
 (7,'Krystal Medley','KM','klmedley@hotmail.com','2007-06-14 00:00:00',NULL,'Medical Care Weekend Care'),
 (8,'Sam McIlwain','SM','smcilwai@umd.edu','2007-06-15 00:00:00',NULL,'Medical Care'),
 (9,'Mohit Chadha','MC','mchadha@gmail.com','2007-06-15 00:00:00',NULL,''),
 (10,'Gordon Gifford','GG','ggifford@umd.edu','2007-06-15 00:00:00',NULL,''),
 (11,'Raymond Yu','RY','ray.yu@rice.edu','2007-06-18 00:00:00','2007-08-03 00:00:00',''),
 (12,'Brislin','BMT','Brislin@umd.edu','2007-06-19 00:00:00',NULL,'');
INSERT INTO `users` (`id`,`name`,`initials`,`email`,`start_date`,`end_date`,`job_type`) VALUES 
 (13,'Nick Luciano','NL','rldm@iup.edu','2007-06-28 00:00:00','2007-08-03 00:00:00',''),
 (14,'Cynthia Moss','CM','cynthia.moss@gmail.com','2007-07-02 00:00:00',NULL,'');
/*!40000 ALTER TABLE `users` ENABLE KEYS */;


--
-- Definition of table `weathers`
--

DROP TABLE IF EXISTS `weathers`;
CREATE TABLE `weathers` (
  `id` int(10) unsigned NOT NULL auto_increment,
  `log_date` date NOT NULL,
  `temperature` float NOT NULL,
  `humidity` float NOT NULL,
  `room_id` int(10) unsigned NOT NULL,
  `sig` varchar(45) NOT NULL,
  PRIMARY KEY  (`id`)
) ENGINE=InnoDB DEFAULT CHARSET=utf8;

--
-- Dumping data for table `weathers`
--

/*!40000 ALTER TABLE `weathers` DISABLE KEYS */;
INSERT INTO `weathers` (`id`,`log_date`,`temperature`,`humidity`,`room_id`,`sig`) VALUES 
 (2,'2007-06-08',79,32,1,'BF'),
 (3,'2007-06-08',76,63,2,'BF'),
 (4,'2007-06-11',79,27,1,'BF'),
 (5,'2007-06-11',76,54,2,'BF'),
 (6,'2007-06-13',77,31,1,'BF'),
 (7,'2007-06-13',75,61,2,'BF'),
 (8,'2007-06-15',77,49,2,'BF'),
 (9,'2007-06-16',79,26,1,'KM'),
 (10,'2007-06-16',77,50,2,'KM'),
 (11,'2007-06-17',77,30,1,'KM'),
 (12,'2007-06-17',75.8,57,2,'KM'),
 (13,'2007-06-18',77,23,1,'VR'),
 (14,'2007-06-23',75,25,1,'KM'),
 (15,'2007-06-23',76.1,50,2,'KM'),
 (16,'2007-06-24',77,26,1,'KM'),
 (17,'2007-06-24',75.8,49,2,'KM'),
 (18,'2007-06-30',77,25,1,'KM'),
 (19,'2007-06-30',76.1,50,2,'KM'),
 (20,'2007-06-30',73.4,66,3,'KM'),
 (21,'2007-07-01',77,26,1,'KM'),
 (22,'2007-07-01',76,49,2,'KM'),
 (23,'2007-07-01',73.4,60,3,'KM'),
 (24,'2007-07-07',76.1,50,2,'KM'),
 (25,'2007-07-07',77,25,1,'KM'),
 (26,'2007-07-07',73.4,70,3,'KM'),
 (27,'2007-07-08',77,25,1,'KM'),
 (28,'2007-07-08',76,50,2,'KM'),
 (29,'2007-07-08',73.4,66,3,'KM'),
 (30,'2007-07-14',79.4,51,2,'KM');
INSERT INTO `weathers` (`id`,`log_date`,`temperature`,`humidity`,`room_id`,`sig`) VALUES 
 (31,'2007-07-14',77,25,1,'KM'),
 (32,'2007-07-14',73.4,74,3,'KM'),
 (33,'2007-07-15',77,25,1,'KM'),
 (34,'2007-07-15',79.4,51,2,'KM'),
 (35,'2007-07-15',73.4,70,3,'KM'),
 (36,'2007-07-21',77,24,1,'KM'),
 (37,'2007-07-21',79.4,52,2,'KM'),
 (38,'2007-07-21',73.4,75,3,'KM'),
 (39,'2007-07-22',77,25,1,'KM'),
 (40,'2007-07-22',79.2,49,2,'KM'),
 (41,'2007-07-22',73.4,70,3,'KM'),
 (42,'2007-07-28',79.9,50,2,'KM'),
 (43,'2007-07-28',77,24,1,'KM'),
 (44,'2007-07-29',77,24,1,'KM'),
 (45,'2007-07-29',79.7,50,2,'KM'),
 (46,'2007-07-29',73.4,61,3,'KM'),
 (47,'2007-08-04',77,24,1,'KM'),
 (48,'2007-08-04',79.7,50,2,'KM'),
 (49,'2007-08-04',73.2,72,3,'KM'),
 (50,'2007-08-05',77,24,1,'KM'),
 (51,'2007-08-05',79.7,51,2,'KM'),
 (52,'2007-08-05',71.4,68,3,'KM'),
 (53,'2007-08-11',77,20,1,'KM'),
 (54,'2007-08-11',80.8,50,2,'KM'),
 (55,'2007-08-11',73.4,53,3,'KM'),
 (56,'2007-08-12',77,20,1,'KM'),
 (57,'2007-08-12',80.5,50,2,'KM'),
 (58,'2007-08-12',73.4,53,3,'KM');
INSERT INTO `weathers` (`id`,`log_date`,`temperature`,`humidity`,`room_id`,`sig`) VALUES 
 (59,'2007-08-14',77,18,1,'WX'),
 (60,'2007-08-14',80,50,2,'WX'),
 (61,'2007-08-18',77,23,1,'KM'),
 (62,'2007-08-18',80.1,44,2,'KM'),
 (63,'2007-08-18',73.4,55,3,'KM'),
 (64,'2007-08-19',77,23,1,'KM'),
 (66,'2007-08-19',80.1,50,2,'KM'),
 (67,'2007-08-19',73.4,56,3,'KM');
/*!40000 ALTER TABLE `weathers` ENABLE KEYS */;


--
-- Definition of table `weights`
--

DROP TABLE IF EXISTS `weights`;
CREATE TABLE `weights` (
  `id` int(10) unsigned NOT NULL auto_increment,
  `bat_id` int(10) unsigned NOT NULL,
  `date` datetime NOT NULL,
  `weight` float NOT NULL,
  `note` text NOT NULL,
  `after_eating` varchar(1) NOT NULL COMMENT 'y/n',
  `user_id` int(10) unsigned NOT NULL,
  PRIMARY KEY  (`id`)
) ENGINE=InnoDB DEFAULT CHARSET=utf8;

--
-- Dumping data for table `weights`
--

/*!40000 ALTER TABLE `weights` DISABLE KEYS */;
INSERT INTO `weights` (`id`,`bat_id`,`date`,`weight`,`note`,`after_eating`,`user_id`) VALUES 
 (1,1,'2007-06-11 15:42:45',14.5,'','n',2),
 (2,2,'2007-06-11 15:47:50',16.1,'','n',2),
 (3,5,'2007-06-11 15:48:56',17.3,'small thing on face - some pus','n',2),
 (4,6,'2007-06-11 15:50:28',16.9,'','n',2),
 (5,8,'2007-06-11 15:53:11',20,'','n',2),
 (6,7,'2007-06-11 15:57:08',19.3,'','n',2),
 (7,4,'2007-06-11 16:05:48',14.1,'gums bad, abscess on face','n',2),
 (8,3,'2007-06-11 16:05:59',14.4,'','n',2),
 (9,10,'2007-06-11 16:12:44',14.5,'mites','y',2),
 (10,9,'2007-06-11 16:14:07',15.7,'teeth look bad','y',2),
 (11,11,'2007-06-11 16:19:31',22.4,'','y',2),
 (12,12,'2007-06-11 16:19:59',22.9,'','y',2),
 (13,13,'2007-06-11 16:21:25',18.2,'','y',2),
 (14,14,'2007-06-11 16:28:33',18.2,'','y',2),
 (15,15,'2007-06-11 18:35:44',15.2,'','n',1),
 (16,16,'2007-06-11 19:04:59',14.4,'','n',1),
 (17,17,'2007-06-11 19:05:11',12.7,'','n',1),
 (18,18,'2007-06-12 11:13:28',20.4,'','y',1),
 (19,19,'2007-06-12 11:16:03',19.4,'','y',1),
 (20,20,'2007-06-12 11:20:00',24.3,'','y',1);
INSERT INTO `weights` (`id`,`bat_id`,`date`,`weight`,`note`,`after_eating`,`user_id`) VALUES 
 (21,21,'2007-06-12 11:21:52',19.9,'','n',1),
 (22,22,'2007-06-12 11:23:46',17.4,'','y',1),
 (23,23,'2007-06-12 17:17:22',21.6,'','y',1),
 (24,35,'2007-06-12 17:19:49',26.6,'','y',1),
 (25,34,'2007-06-12 17:21:05',20,'','y',1),
 (26,24,'2007-06-12 17:21:58',24.9,'','y',1),
 (27,30,'2007-06-12 17:22:29',17.6,'','y',1),
 (28,26,'2007-06-12 17:25:51',20.8,'','y',1),
 (29,32,'2007-06-12 17:27:57',19.6,'','y',1),
 (30,28,'2007-06-12 17:29:28',22.3,'','y',1),
 (31,27,'2007-06-12 17:30:46',21.6,'','y',1),
 (32,29,'2007-06-12 17:31:21',19.1,'','y',1),
 (33,25,'2007-06-12 17:33:01',20.8,'','y',1),
 (34,31,'2007-06-12 17:33:59',18,'','y',1),
 (35,33,'2007-06-12 17:37:18',21.8,'','y',1),
 (36,37,'2007-06-12 17:44:11',6.7,'','y',1),
 (37,36,'2007-06-12 17:45:48',15.7,'','y',1),
 (38,16,'2007-06-12 19:05:20',14.3,'','n',1),
 (39,38,'2007-06-13 10:22:00',20.1,'','n',3),
 (40,39,'2007-06-13 10:28:00',21.4,'','n',3),
 (41,28,'2007-06-13 10:39:00',17.3,'','n',3);
INSERT INTO `weights` (`id`,`bat_id`,`date`,`weight`,`note`,`after_eating`,`user_id`) VALUES 
 (42,40,'2007-06-13 10:40:15',17.3,'','n',3),
 (43,41,'2007-06-13 10:52:00',16.3,'','n',3),
 (44,4,'2007-06-13 10:53:00',12.9,'','n',3),
 (45,42,'2007-06-13 10:59:00',12.4,'','n',3),
 (46,28,'2007-06-13 11:07:00',14.1,'','n',3),
 (47,44,'2007-06-13 14:40:00',17,'','n',3),
 (48,45,'2007-06-13 16:33:19',15.7,'','y',1),
 (49,16,'2007-06-13 19:01:36',14.4,'','n',1),
 (50,16,'2007-06-13 19:30:08',14.4,'brushed teeth','n',1),
 (51,15,'2007-06-13 19:33:06',14.6,'','n',1),
 (52,46,'2007-06-14 11:30:15',19,'Mom plus pup','n',1),
 (53,47,'2007-06-14 11:35:32',25.1,'Mom plus 2 pups','n',1),
 (54,48,'2007-06-14 11:39:56',18.6,'Mom with one pup','n',1),
 (55,49,'2007-06-14 11:42:59',23.2,'mom with two pups','n',1),
 (56,50,'2007-06-14 11:47:51',17.6,'mom with one pup','n',1),
 (57,51,'2007-06-14 11:53:26',26,'mom with two pups','n',1),
 (58,52,'2007-06-14 14:07:16',15.1,'','n',5),
 (59,53,'2007-06-14 14:09:03',15.5,'','n',5),
 (60,54,'2007-06-14 14:10:06',21.4,'','n',5);
INSERT INTO `weights` (`id`,`bat_id`,`date`,`weight`,`note`,`after_eating`,`user_id`) VALUES 
 (61,15,'2007-06-14 15:50:42',14.7,'','n',1),
 (62,49,'2007-06-15 13:08:29',24.5,'mom with 2 pups, one of her right toes is swollen','n',8),
 (63,46,'2007-06-15 13:09:58',18,'mom and one pup fed in a dish','n',8),
 (64,47,'2007-06-15 13:11:36',24.6,'with twins both boys','n',8),
 (65,50,'2007-06-15 13:15:24',13.4,'mom without pup','n',8),
 (66,48,'2007-06-15 13:16:42',21.4,'mom and one pup','n',8),
 (67,51,'2007-06-15 13:18:52',18.5,'mom without pup','n',8),
 (68,23,'2007-06-15 14:36:49',20.4,'','n',8),
 (69,24,'2007-06-15 14:37:27',24.5,'','n',8),
 (70,25,'2007-06-15 14:37:42',20.3,'','n',8),
 (71,26,'2007-06-15 14:37:59',19.3,'','n',8),
 (72,27,'2007-06-15 14:38:20',20.8,'','n',8),
 (73,28,'2007-06-15 14:38:30',21.8,'','n',8),
 (74,29,'2007-06-15 14:39:14',18.6,'black hard puss drained from muzzle','n',8),
 (75,30,'2007-06-15 14:41:33',15.8,'horrible left eye infection- moved out of cage','n',8),
 (76,31,'2007-06-15 14:41:43',17.2,'','n',8);
INSERT INTO `weights` (`id`,`bat_id`,`date`,`weight`,`note`,`after_eating`,`user_id`) VALUES 
 (77,32,'2007-06-15 14:41:55',19.1,'','n',8),
 (78,33,'2007-06-15 14:42:04',21.8,'','n',8),
 (79,34,'2007-06-15 14:42:15',19.1,'','n',8),
 (80,35,'2007-06-15 14:42:45',25.6,'weight actually decreasing- good','n',8),
 (81,37,'2007-06-15 14:43:44',5.8,'really dry skin','n',8),
 (82,36,'2007-06-15 14:44:15',15.3,'','n',8),
 (83,10,'2007-06-15 14:45:20',11.8,'low weight- fed extra, watch weight','n',8),
 (84,9,'2007-06-15 14:45:40',13.6,'','n',8),
 (85,4,'2007-06-15 14:48:00',12.7,'','n',8),
 (86,44,'2007-06-15 14:53:00',16.7,'','n',8),
 (87,44,'2007-06-15 14:54:00',16.7,'','n',8),
 (88,52,'2007-06-15 14:55:17',14.5,'','n',5),
 (89,38,'2007-06-15 14:55:00',20.5,'','n',8),
 (90,53,'2007-06-15 14:57:09',15.1,'re-training to catch mealworms','n',5),
 (91,54,'2007-06-15 14:57:56',20.9,'','n',5),
 (92,39,'2007-06-15 14:57:00',20.8,'','n',8),
 (93,41,'2007-06-15 14:58:00',16.1,'','n',8),
 (94,40,'2007-06-15 15:02:00',16.5,'','n',8),
 (95,43,'2007-06-15 15:02:00',14.3,'','n',8);
INSERT INTO `weights` (`id`,`bat_id`,`date`,`weight`,`note`,`after_eating`,`user_id`) VALUES 
 (96,42,'2007-06-15 15:07:00',12.7,'','n',8),
 (97,30,'2007-06-15 15:21:00',15.8,'','n',8),
 (98,30,'2007-06-15 19:20:00',15.8,'','n',1),
 (99,15,'2007-06-15 16:28:37',14.3,'','n',8),
 (100,17,'2007-06-15 17:01:51',12.5,'','n',1),
 (101,16,'2007-06-15 17:02:00',14,'','n',1),
 (102,4,'2007-06-16 12:02:00',13.9,'','y',7),
 (103,39,'2007-06-16 12:06:00',21.6,'','y',7),
 (104,44,'2007-06-16 12:09:00',18.3,'','n',7),
 (105,47,'2007-06-16 15:29:40',24.7,'mom + twin pups','y',5),
 (106,48,'2007-06-16 15:42:10',14.5,'mom alone','y',5),
 (107,50,'2007-06-16 15:44:01',16.5,'mom alone; fed extra','y',5),
 (108,46,'2007-06-16 15:46:57',20.6,'mom + pup; pup is male','y',5),
 (109,49,'2007-06-16 15:49:20',25,'mom + twins; 1 pup is female & 1 is male','y',5),
 (110,51,'2007-06-16 15:51:04',18.6,'mom alone','y',5),
 (111,62,'2007-06-16 16:33:28',4.3,'small pup not attached to a mother; did not take formula','n',5),
 (112,63,'2007-06-16 16:35:08',4.7,'OR45\'s pup?; small pup not attached to a mom at 1st; later attached to OR45','n',5);
INSERT INTO `weights` (`id`,`bat_id`,`date`,`weight`,`note`,`after_eating`,`user_id`) VALUES 
 (113,64,'2007-06-16 16:36:53',3.4,'tiny pup not attached to mom; took some formula; eyes closed; R FA = 20.5mm; R gap = 7.9 mm?','n',5),
 (114,65,'2007-06-16 16:37:58',4.9,'pup not attached to a mom; took some formula; R FA = 24.6 mm; R gap = 3.7 mm','n',5),
 (115,39,'2007-06-17 11:41:00',20.8,'','n',7),
 (116,4,'2007-06-17 11:49:00',12.9,'','n',7),
 (117,44,'2007-06-17 11:57:00',16.6,'','n',7),
 (118,66,'2007-06-17 14:13:29',3.1,'pup attached to mom up until June 17; took a little formula; R FA = 20 mm; R total gap (TG) = 7.9 mm','n',5),
 (119,64,'2007-06-17 14:10:06',3.1,'still not attached to a mom; took some formula; very tiny','n',5),
 (120,62,'2007-06-17 14:10:31',4.1,'still not attached to a mom; would not take formula','n',5),
 (121,65,'2007-06-17 14:11:57',5,'not attached to a mom, but weight up a little; took a little formula; R FA = 24.5mm; R total (not just top part, as measured yesterday) gap = 7.7 mm','n',5),
 (122,63,'2007-06-17 14:12:56',4.9,'not attached to a mom, but weight up a little; took a tiny bit of formula; R FA = 24.8mm; R total gap = 7.15 mm','n',5);
INSERT INTO `weights` (`id`,`bat_id`,`date`,`weight`,`note`,`after_eating`,`user_id`) VALUES 
 (123,11,'2007-06-18 10:18:43',21.2,'','n',6),
 (124,13,'2007-06-18 10:28:31',17.3,'','n',6),
 (125,12,'2007-06-18 10:31:23',21.2,'b. t.','n',6),
 (126,18,'2007-06-18 10:34:21',19.4,'bt','n',6),
 (127,14,'2007-06-18 10:37:18',17.1,'bt','n',6),
 (128,20,'2007-06-18 10:43:39',22.7,'bt','n',6),
 (129,22,'2007-06-18 10:45:51',16.1,'bt','n',6),
 (130,1,'2007-06-18 11:00:32',13.4,'bt','n',6),
 (131,6,'2007-06-18 11:08:34',16.3,'bt','n',6),
 (132,5,'2007-06-18 11:13:02',16.7,'bt, black stuff from face','n',6),
 (133,2,'2007-06-18 11:15:24',16.9,'bt','n',6),
 (134,3,'2007-06-18 11:16:47',14.3,'bt','n',6),
 (135,10,'2007-06-18 11:24:57',12.1,'','n',6),
 (136,9,'2007-06-18 11:26:23',13.6,'','n',6),
 (138,66,'2007-06-18 12:00:04',3,'still not attached, but in pouch with moms & pups; took some formula','n',5),
 (139,21,'2007-06-18 14:10:40',16.3,'bt','n',6),
 (140,19,'2007-06-18 14:13:09',17.2,'bt','n',6),
 (141,7,'2007-06-18 14:13:30',20.5,'bt','n',6);
INSERT INTO `weights` (`id`,`bat_id`,`date`,`weight`,`note`,`after_eating`,`user_id`) VALUES 
 (142,8,'2007-06-18 14:13:51',18.1,'bt','n',6),
 (143,53,'2007-06-18 15:03:03',14.9,'re-training to catch mealworms','n',5),
 (144,52,'2007-06-18 15:04:50',14,'re-training to catch mealworms','n',5),
 (145,54,'2007-06-18 15:05:37',20.5,'re-training to catch mealworms','n',5),
 (146,15,'2007-06-18 18:37:19',14.7,'','n',1),
 (147,38,'2007-06-18 16:45:00',19.9,'','y',2),
 (148,44,'2007-06-18 17:23:00',18.1,'','y',2),
 (149,40,'2007-06-18 17:04:00',17,'','y',2),
 (150,39,'2007-06-18 17:09:00',21.4,'','y',2),
 (151,4,'2007-06-18 17:22:00',14.1,'','y',2),
 (152,41,'2007-06-18 17:23:00',19.1,'','y',2),
 (153,62,'2007-06-18 17:26:40',4.5,'','n',5),
 (154,42,'2007-06-18 17:24:00',12.1,'','y',2),
 (155,43,'2007-06-18 17:31:00',16.1,'','y',2),
 (156,67,'2007-06-18 17:37:04',17.6,'','y',2),
 (157,16,'2007-06-18 18:37:03',13.5,'','n',1),
 (158,60,'2007-06-19 10:44:38',18.2,'','n',9),
 (159,23,'2007-06-19 12:43:56',19.9,'bt','n',12),
 (160,26,'2007-06-19 12:49:21',19.5,'bt','n',12);
INSERT INTO `weights` (`id`,`bat_id`,`date`,`weight`,`note`,`after_eating`,`user_id`) VALUES 
 (161,31,'2007-06-19 12:56:51',16.9,'bt','n',12),
 (162,35,'2007-06-19 12:59:32',25.3,'bt','n',12),
 (163,24,'2007-06-19 13:01:34',23.6,'bt','n',12),
 (164,32,'2007-06-19 13:02:57',18.1,'bt','n',12),
 (165,25,'2007-06-19 13:04:07',19.5,'bt','n',12),
 (166,29,'2007-06-19 13:05:24',17.9,'bt','n',12),
 (167,33,'2007-06-19 13:07:26',20.9,'bt','n',12),
 (168,27,'2007-06-19 13:09:41',20.5,'bt','n',12),
 (169,28,'2007-06-19 13:10:15',21,'bt','n',12),
 (170,34,'2007-06-19 13:14:22',18.5,'bt, teeth not very good','n',12),
 (171,37,'2007-06-19 13:17:45',5.6,'','n',12),
 (172,36,'2007-06-19 13:19:03',15.1,'bt','n',12),
 (173,68,'2007-06-19 13:56:45',18.6,'being trained as demonstrator for social learning experiment','n',5),
 (174,69,'2007-06-19 13:57:45',18.9,'being trained as demonstrator for social learning exp.-- station #9','n',5),
 (175,70,'2007-06-19 14:00:16',19.5,'being trained for social learning study; station # 4; banded sticking to skin, removed-- clipped fur on R shoulder','n',5),
 (176,71,'2007-06-19 14:01:16',19.2,'being trained as demonstrator (staiton #11); band removed-- fur clipped on rump','n',5);
INSERT INTO `weights` (`id`,`bat_id`,`date`,`weight`,`note`,`after_eating`,`user_id`) VALUES 
 (177,72,'2007-06-19 14:02:27',16.2,'being trained as a demonstrator (station #2)','n',5),
 (178,73,'2007-06-19 14:03:27',17.4,'being trained as demonstrator (station #5)','n',5),
 (179,17,'2007-06-19 14:29:47',13.2,'','n',1),
 (180,11,'2007-06-19 14:32:33',20.2,'','n',5),
 (181,54,'2007-06-19 14:33:08',19.9,'','n',5),
 (182,3,'2007-06-19 14:33:26',13.3,'','n',5),
 (183,2,'2007-06-19 14:34:04',16.4,'','n',5),
 (184,52,'2007-06-19 15:35:15',13.9,'','n',5),
 (185,74,'2007-06-19 15:36:37',14.4,'','n',5),
 (186,53,'2007-06-19 15:36:58',14.9,'','n',5),
 (187,59,'2007-06-19 15:56:20',18.4,'','n',9),
 (188,61,'2007-06-19 15:57:12',18.1,'','n',9),
 (189,38,'2007-06-19 17:06:00',20.1,'','y',1),
 (190,39,'2007-06-19 17:10:00',21.6,'','y',1),
 (191,40,'2007-06-19 17:13:00',16.2,'','y',1),
 (192,4,'2007-06-19 17:19:00',13.9,'','y',1),
 (193,42,'2007-06-19 17:23:00',13.5,'','y',1),
 (194,43,'2007-06-19 17:25:00',15.7,'','y',1),
 (195,44,'2007-06-19 17:29:00',17.6,'','n',1);
INSERT INTO `weights` (`id`,`bat_id`,`date`,`weight`,`note`,`after_eating`,`user_id`) VALUES 
 (196,38,'2007-06-20 08:23:00',19.4,'','n',3),
 (197,39,'2007-06-20 08:28:00',21,'','n',3),
 (198,40,'2007-06-20 08:31:00',16.1,'','n',3),
 (199,41,'2007-06-20 08:33:00',16.7,'','n',3),
 (200,4,'2007-06-20 08:35:00',13.1,'','n',3),
 (201,42,'2007-06-20 08:39:00',12.1,'','n',3),
 (202,44,'2007-06-20 08:54:00',16.7,'','n',3),
 (203,67,'2007-06-20 08:59:32',16.5,'','n',3),
 (204,43,'2007-06-20 09:01:00',14.9,'','n',3),
 (205,69,'2007-06-20 09:44:37',17.7,'','n',5),
 (206,71,'2007-06-20 09:44:59',17.3,'','n',5),
 (207,70,'2007-06-20 09:45:23',17.3,'','n',5),
 (208,72,'2007-06-20 09:45:42',15.5,'','n',5),
 (209,73,'2007-06-20 09:46:15',16.6,'','n',5),
 (210,68,'2007-06-20 09:46:32',17.3,'','n',5),
 (211,17,'2007-06-20 12:52:02',13.3,'','n',1),
 (212,75,'2007-06-20 13:18:14',3.6,'','n',2),
 (213,48,'2007-06-20 13:23:17',17.1,'OR48 is attached, fed a worm or two','n',2),
 (214,46,'2007-06-20 13:47:12',16.8,'with a pup OR 52 attached, fed worms in a dish after that they weighed 19g','n',2),
 (215,51,'2007-06-20 13:26:44',23.7,'with 2 pups','n',2);
INSERT INTO `weights` (`id`,`bat_id`,`date`,`weight`,`note`,`after_eating`,`user_id`) VALUES 
 (216,49,'2007-06-20 13:51:06',21,'with 2 pups, both unbanded; 24.8g after fed extra','n',2),
 (217,50,'2007-06-20 13:48:44',12.3,'mom alone; fed extra; reweighed after eating at 15.7','n',2),
 (218,47,'2007-06-20 13:43:13',13.1,'mom alone; fed extra while we attached OR53 to her for nursing','n',2),
 (219,11,'2007-06-20 14:07:28',19.8,'','n',11),
 (220,3,'2007-06-20 14:08:14',13.3,'','n',11),
 (221,54,'2007-06-20 14:09:04',19.4,'','n',11),
 (222,2,'2007-06-20 14:10:07',16,'','n',11),
 (223,74,'2007-06-20 15:20:03',14.1,'','n',11),
 (224,52,'2007-06-20 16:43:00',13.7,'','n',5),
 (225,53,'2007-06-20 15:21:25',14.9,'','n',11),
 (226,15,'2007-06-20 17:01:18',14,'','n',1),
 (227,45,'2007-06-20 17:06:17',14.9,'teeth brushed','y',5),
 (228,76,'2007-06-20 17:08:00',16.1,'teeth brushed','y',5),
 (230,55,'2007-06-20 17:09:11',16.1,'teeth brushed','y',5),
 (231,57,'2007-06-20 17:11:24',16.5,'teeth brushed','y',5),
 (232,56,'2007-06-20 17:13:16',17.5,'teeth brushed; cleaned nose','n',5);
INSERT INTO `weights` (`id`,`bat_id`,`date`,`weight`,`note`,`after_eating`,`user_id`) VALUES 
 (233,16,'2007-06-20 17:26:41',13.3,'','n',1),
 (234,77,'2007-06-20 18:13:20',3.3,'','n',5),
 (235,66,'2007-06-21 09:20:39',2.6,'','n',5),
 (236,65,'2007-06-21 09:21:20',4.1,'','n',5),
 (237,75,'2007-06-21 09:22:01',3.7,'','n',5),
 (238,77,'2007-06-21 09:32:51',3.2,'','n',5),
 (239,48,'2007-06-21 09:33:19',17.8,'OR48 attached','n',5),
 (240,78,'2007-06-21 09:35:56',2.9,'','n',5),
 (241,63,'2007-06-21 09:40:19',4.4,'','n',5),
 (242,68,'2007-06-21 10:19:23',17.2,'','n',5),
 (243,73,'2007-06-21 10:20:44',16.7,'','n',5),
 (244,72,'2007-06-21 10:22:23',15.1,'','n',5),
 (245,69,'2007-06-21 10:23:41',17.4,'','n',5),
 (246,70,'2007-06-21 10:25:16',17.3,'','n',5),
 (247,7,'2007-06-21 11:11:43',18.9,'','n',6),
 (248,12,'2007-06-21 11:15:59',20.8,'','n',6),
 (249,19,'2007-06-21 11:16:30',17.1,'','n',6),
 (250,13,'2007-06-21 11:17:35',17.6,'','n',6),
 (251,18,'2007-06-21 11:18:31',18.7,'','n',6),
 (252,8,'2007-06-21 11:20:40',18,'','n',6),
 (253,20,'2007-06-21 11:20:57',22.4,'','n',6);
INSERT INTO `weights` (`id`,`bat_id`,`date`,`weight`,`note`,`after_eating`,`user_id`) VALUES 
 (254,14,'2007-06-21 11:21:47',17.3,'','n',6),
 (255,6,'2007-06-21 11:25:56',16.1,'','n',6),
 (256,21,'2007-06-21 11:27:10',17.5,'','n',6),
 (257,1,'2007-06-21 11:28:40',13.1,'','n',6),
 (258,5,'2007-06-21 11:29:35',16.1,'','n',6),
 (259,22,'2007-06-21 11:31:02',16.7,'','n',6),
 (260,38,'2007-06-21 11:50:00',19.7,'','n',6),
 (261,39,'2007-06-21 11:47:00',20.6,'','n',6),
 (262,40,'2007-06-21 11:53:00',15.9,'','n',6),
 (263,4,'2007-06-21 11:56:00',13.1,'','n',6),
 (264,41,'2007-06-21 12:00:00',16.2,'','n',6),
 (265,42,'2007-06-21 12:04:00',11.9,'','n',6),
 (266,43,'2007-06-21 12:08:00',15,'','n',6),
 (267,67,'2007-06-21 12:12:13',15.9,'','n',6),
 (268,11,'2007-06-21 13:07:17',19.5,'','n',5),
 (269,54,'2007-06-21 13:07:44',19.1,'','n',5),
 (270,2,'2007-06-21 13:08:48',15.4,'','n',5),
 (271,3,'2007-06-21 13:09:35',13.1,'','n',5),
 (272,53,'2007-06-21 14:01:08',15,'','n',5),
 (273,52,'2007-06-21 14:04:00',14.2,'','n',5),
 (274,74,'2007-06-21 14:03:11',13.3,'','n',5);
INSERT INTO `weights` (`id`,`bat_id`,`date`,`weight`,`note`,`after_eating`,`user_id`) VALUES 
 (275,15,'2007-06-21 16:12:50',13.7,'','n',1),
 (276,60,'2007-06-21 16:28:43',18.1,'','n',9),
 (277,16,'2007-06-21 16:48:20',13.8,'','n',1),
 (278,17,'2007-06-21 16:51:30',12.7,'','n',1),
 (279,63,'2007-06-22 09:44:37',4.6,'','n',3),
 (280,46,'2007-06-22 09:45:38',14.4,'mom alone','n',3),
 (281,75,'2007-06-22 09:46:36',3.9,'','n',3),
 (282,49,'2007-06-22 09:47:53',19,'Weighed with OR54 latched on','n',3),
 (283,48,'2007-06-22 09:49:40',16.9,'OR48 attached','n',3),
 (284,47,'2007-06-22 09:50:38',13.6,'mom alone','n',3),
 (285,51,'2007-06-22 09:51:44',18.8,'OR51 attached','n',3),
 (286,50,'2007-06-22 09:53:52',13.1,'','n',3),
 (287,69,'2007-06-22 10:42:34',17.8,'','n',5),
 (288,73,'2007-06-22 10:44:13',17.3,'','n',5),
 (289,68,'2007-06-22 10:45:29',18.1,'','n',5),
 (290,72,'2007-06-22 10:46:41',16.1,'','n',5),
 (291,71,'2007-06-22 10:48:42',17.7,'not weighed on 6/21 because had escaped from partition; was put back behind partition evening of 6/21','n',5),
 (292,70,'2007-06-22 10:50:16',18.5,'','n',5);
INSERT INTO `weights` (`id`,`bat_id`,`date`,`weight`,`note`,`after_eating`,`user_id`) VALUES 
 (293,29,'2007-06-22 11:53:10',17.6,'brushed teeth','n',2),
 (294,32,'2007-06-22 11:56:14',18.1,'brushed teeth','n',2),
 (295,26,'2007-06-22 12:00:02',18.6,'brushed teeth','n',2),
 (296,31,'2007-06-22 12:03:54',16.9,'brushed teeth','n',2),
 (297,23,'2007-06-22 12:05:52',19.6,'brushed teeth','n',2),
 (298,27,'2007-06-22 12:08:56',20.1,'brushed teeth','n',2),
 (299,28,'2007-06-22 12:11:08',20.7,'brushed teeth','n',2),
 (300,35,'2007-06-22 12:15:26',24.6,'brushed teeth','n',2),
 (301,24,'2007-06-22 12:17:37',23.4,'brushed teeth','n',2),
 (302,34,'2007-06-22 12:20:52',18,'brushed teeth','n',2),
 (303,25,'2007-06-22 12:30:10',19.2,'pus drained from nose, brushed teeth','n',2),
 (304,33,'2007-06-22 12:32:19',20.1,'brushed teeth','n',2),
 (305,37,'2007-06-22 14:22:55',5.7,'','n',2),
 (306,36,'2007-06-22 14:27:57',15.2,'brushed teeth','n',2),
 (307,10,'2007-06-22 14:31:54',11.7,'brushed teeth','n',2),
 (308,2,'2007-06-22 14:34:42',15.3,'','n',2);
INSERT INTO `weights` (`id`,`bat_id`,`date`,`weight`,`note`,`after_eating`,`user_id`) VALUES 
 (309,54,'2007-06-22 14:35:27',18.8,'','n',2),
 (310,11,'2007-06-22 14:36:19',19,'','n',2),
 (311,3,'2007-06-22 14:37:18',13.3,'','n',2),
 (312,53,'2007-06-22 14:38:25',15.2,'','n',2),
 (313,52,'2007-06-22 15:51:00',14,'','n',5),
 (314,74,'2007-06-22 14:39:51',13.5,'','n',2),
 (315,1,'2007-06-22 14:43:38',12.2,'brushed teeth','n',2),
 (316,9,'2007-06-22 14:49:15',13.9,'brushed teeth','n',2),
 (317,62,'2007-06-22 16:54:28',4,'','n',2),
 (318,63,'2007-06-22 16:55:31',4.5,'','n',2),
 (319,65,'2007-06-22 16:56:07',4.1,'','n',2),
 (320,38,'2007-06-22 17:01:00',20.6,'','y',1),
 (321,40,'2007-06-22 17:06:00',16.7,'','y',1),
 (322,39,'2007-06-22 17:06:00',20.8,'','y',1),
 (323,41,'2007-06-22 17:11:00',18.1,'','y',1),
 (324,4,'2007-06-22 17:12:00',14.4,'','y',1),
 (325,42,'2007-06-22 17:14:00',14.7,'','y',1),
 (326,43,'2007-06-22 17:16:00',16.2,'','y',1),
 (328,39,'2007-06-23 16:43:04',20.1,'','n',7),
 (329,4,'2007-06-23 16:50:00',12.9,'','n',7);
INSERT INTO `weights` (`id`,`bat_id`,`date`,`weight`,`note`,`after_eating`,`user_id`) VALUES 
 (330,44,'2007-06-23 16:59:00',16.4,'','n',7),
 (331,52,'2007-06-23 17:01:00',14.3,'','n',7),
 (332,39,'2007-06-24 08:53:00',20.3,'','n',7),
 (333,4,'2007-06-24 09:00:00',13,'','n',7),
 (334,44,'2007-06-24 09:11:00',16.5,'','n',7),
 (335,52,'2007-06-24 09:11:00',14.3,'','n',7),
 (336,46,'2007-06-24 13:21:26',15.9,'mom alone','y',5),
 (337,51,'2007-06-24 13:22:47',27.6,'OR49 & OR51 attached','y',5),
 (338,47,'2007-06-24 13:23:56',20.7,'OR53 attached :o)','y',5),
 (339,50,'2007-06-24 13:31:14',14.3,'alone','y',5),
 (340,49,'2007-06-24 13:31:50',19.4,'mom alone','y',5),
 (341,62,'2007-06-24 13:30:49',4.7,'pup of OR44?','n',5),
 (342,48,'2007-06-24 13:30:19',16.6,'mom alone','y',5),
 (343,69,'2007-06-25 09:57:30',18.1,'','n',5),
 (344,71,'2007-06-25 09:58:32',18,'','n',5),
 (345,68,'2007-06-25 10:00:27',17.8,'','n',5),
 (346,73,'2007-06-25 10:02:11',16.6,'','n',5),
 (347,72,'2007-06-25 10:03:20',16.4,'','n',5),
 (348,70,'2007-06-25 10:04:10',18.4,'','n',5);
INSERT INTO `weights` (`id`,`bat_id`,`date`,`weight`,`note`,`after_eating`,`user_id`) VALUES 
 (349,7,'2007-06-25 11:00:26',17.8,'bt','n',6),
 (350,12,'2007-06-25 11:04:29',20.5,'bt','n',6),
 (351,13,'2007-06-25 11:07:04',17,'bt','n',6),
 (352,18,'2007-06-25 11:10:45',18.5,'bt','n',6),
 (353,20,'2007-06-25 11:13:41',22.2,'bt','n',6),
 (354,14,'2007-06-25 11:16:33',17,'bt','n',6),
 (355,8,'2007-06-25 11:19:26',17.4,'bt','n',6),
 (356,19,'2007-06-25 11:21:11',16.5,'bt','n',6),
 (357,6,'2007-06-25 11:33:27',15.6,'bt','n',6),
 (358,5,'2007-06-25 11:34:27',15.4,'bt','n',6),
 (359,22,'2007-06-25 11:37:38',17.2,'bt','n',6),
 (360,21,'2007-06-25 11:38:34',17.5,'bt','n',6),
 (361,10,'2007-06-25 11:52:21',12.1,'','n',6),
 (362,9,'2007-06-25 11:52:58',13.9,'','n',6),
 (363,1,'2007-06-25 11:54:11',13,'','n',6),
 (364,74,'2007-06-25 16:21:09',12.8,'','n',11),
 (365,52,'2007-06-25 16:23:00',13.5,'','n',11),
 (366,53,'2007-06-25 16:24:26',14.4,'','n',11),
 (367,38,'2007-06-25 16:26:00',19.9,'','y',2),
 (368,39,'2007-06-25 16:30:00',20.1,'','y',2);
INSERT INTO `weights` (`id`,`bat_id`,`date`,`weight`,`note`,`after_eating`,`user_id`) VALUES 
 (369,40,'2007-06-25 16:35:00',16.8,'','y',2),
 (370,11,'2007-06-25 16:38:21',18.1,'','n',5),
 (371,54,'2007-06-25 16:38:30',18.2,'','n',5),
 (372,3,'2007-06-25 16:38:42',12.4,'','n',5),
 (373,2,'2007-06-25 16:38:50',14.4,'','n',5),
 (374,41,'2007-06-25 16:39:00',17.7,'','y',2),
 (375,4,'2007-06-25 16:40:00',14.4,'','y',2),
 (376,42,'2007-06-25 16:46:00',11.9,'','n',2),
 (377,43,'2007-06-25 16:59:00',15.8,'','y',2),
 (378,44,'2007-06-25 17:06:00',17.4,'','n',2),
 (379,67,'2007-06-25 17:07:53',17,'very sweaty','y',2),
 (380,60,'2007-06-25 17:19:38',18.4,'','n',9),
 (381,59,'2007-06-25 17:20:29',17.8,'','n',9),
 (382,15,'2007-06-25 17:38:50',13.8,'','n',1),
 (383,16,'2007-06-25 18:09:31',13.7,'','n',1),
 (384,17,'2007-06-25 18:10:37',12.6,'','n',1),
 (385,61,'2007-06-25 18:55:25',17.9,'First day with Gordon back','n',10),
 (386,75,'2007-06-25 19:21:35',4.8,'','n',5),
 (387,63,'2007-06-25 19:22:13',5.3,'','n',5),
 (388,65,'2007-06-25 19:22:41',4.8,'','n',5);
INSERT INTO `weights` (`id`,`bat_id`,`date`,`weight`,`note`,`after_eating`,`user_id`) VALUES 
 (389,69,'2007-06-26 09:37:45',18.4,'','n',5),
 (390,73,'2007-06-26 09:39:02',17.6,'','n',5),
 (391,72,'2007-06-26 09:41:09',16.8,'left wrist still raw; applied topical AB ointment again','n',5),
 (392,71,'2007-06-26 09:43:53',18.3,'R wrist raw, L wrist a little raw, applied topical AB ointment to both','n',5),
 (393,70,'2007-06-26 09:44:55',18.3,'','n',5),
 (394,68,'2007-06-26 09:45:50',18.6,'L thumb a little swollen','n',5),
 (395,62,'2007-06-26 11:27:36',4.7,'','n',5),
 (396,63,'2007-06-26 11:32:52',5.5,'','n',5),
 (397,65,'2007-06-26 11:32:59',5,'','n',5),
 (398,50,'2007-06-28 13:49:26',13,'','n',13),
 (399,46,'2007-06-28 13:50:09',14.3,'','n',13),
 (400,49,'2007-06-28 13:51:02',15.3,'','n',13),
 (401,79,'2007-06-28 14:16:09',9.1,'Bat pup alone on ground outside door of Kaushik\'s apt.','n',5),
 (402,38,'2007-06-28 14:23:00',19.7,'','y',8),
 (403,40,'2007-06-28 14:26:00',16.7,'','y',8),
 (404,39,'2007-06-28 14:30:00',20.2,'','y',8),
 (405,41,'2007-06-28 14:34:00',17.8,'','y',8);
INSERT INTO `weights` (`id`,`bat_id`,`date`,`weight`,`note`,`after_eating`,`user_id`) VALUES 
 (406,4,'2007-06-28 14:36:00',14.2,'','y',8),
 (407,42,'2007-06-28 14:41:00',12.3,'no works eaten, yet','n',8),
 (408,18,'2007-06-28 15:02:31',19.6,'','y',8),
 (409,12,'2007-06-28 15:03:37',21.7,'hair loss on butt area','y',8),
 (410,14,'2007-06-28 15:04:51',18.2,'aggressive','y',8),
 (411,13,'2007-06-28 15:05:46',19.2,'','y',8),
 (412,8,'2007-06-28 15:06:44',19,'','y',8),
 (413,20,'2007-06-28 15:07:23',22.8,'','y',8),
 (414,21,'2007-06-28 15:14:12',18.5,'','y',8),
 (415,19,'2007-06-28 15:15:14',18,'','y',8),
 (416,5,'2007-06-28 15:15:59',18.2,'','y',8),
 (417,7,'2007-06-28 15:16:39',19.7,'','y',8),
 (418,22,'2007-06-28 15:18:36',19,'','y',8),
 (419,43,'2007-06-28 15:19:07',16.2,'did he get any worms? fed extra','y',8),
 (420,6,'2007-06-28 15:21:14',17.8,'','n',8),
 (421,53,'2007-06-28 15:56:30',14.1,'','n',13),
 (422,52,'2007-06-28 15:56:41',13.4,'','n',13),
 (423,74,'2007-06-28 15:56:51',12.9,'','n',13),
 (424,60,'2007-06-28 16:46:13',17.3,'','n',9);
INSERT INTO `weights` (`id`,`bat_id`,`date`,`weight`,`note`,`after_eating`,`user_id`) VALUES 
 (425,51,'2007-06-28 17:26:33',28.6,'mom w/ twins, OR 49/51','y',5),
 (426,47,'2007-06-28 17:27:18',18,'','y',5),
 (427,75,'2007-06-28 17:27:47',5.3,'','n',5),
 (428,48,'2007-06-28 17:29:36',21.1,'mom w/ one pup, OR48','n',5),
 (429,11,'2007-06-28 17:49:09',16.5,'didn\'t want to eat today... did eat about 3 worms, though','n',5),
 (430,54,'2007-06-28 17:48:55',16.9,'','n',5),
 (431,3,'2007-06-28 17:49:20',12.4,'','n',5),
 (432,2,'2007-06-28 17:49:46',14,'caught one mealworm on 6/27/07, but doesn\'t fly much, so removed from training','n',5),
 (433,79,'2007-06-29 14:00:00',9.5,'gave some formula and a worm dipped in formula. Very stressed out.','n',2),
 (434,52,'2007-06-29 09:10:00',13.8,'','n',5),
 (435,69,'2007-06-29 09:40:11',18.8,'','n',5),
 (436,72,'2007-06-29 09:40:44',17.4,'','n',5),
 (437,73,'2007-06-29 09:41:40',17.3,'','n',5),
 (438,70,'2007-06-29 09:42:29',18.6,'','n',5),
 (439,71,'2007-06-29 09:44:09',18.7,'','n',5),
 (440,68,'2007-06-29 09:45:16',18.5,'','n',5);
INSERT INTO `weights` (`id`,`bat_id`,`date`,`weight`,`note`,`after_eating`,`user_id`) VALUES 
 (441,46,'2007-06-29 13:03:02',13.8,'Before eating','n',5),
 (442,49,'2007-06-29 13:04:06',15.6,'Before eating','n',5),
 (443,50,'2007-06-29 13:05:32',12.9,'Before eating','n',5),
 (444,11,'2007-06-29 14:14:02',16.2,'','n',5),
 (445,3,'2007-06-29 14:15:32',12.3,'','n',5),
 (446,54,'2007-06-29 14:17:22',16.6,'','n',5),
 (447,74,'2007-06-29 14:55:15',12.7,'','n',2),
 (448,53,'2007-06-29 14:56:57',14.2,'','n',2),
 (449,35,'2007-06-29 16:25:35',25.4,'some pus in muzzel','y',2),
 (450,24,'2007-06-29 16:28:50',23.1,'keep an eye on left eye','y',2),
 (451,28,'2007-06-29 16:30:17',20.8,'','y',2),
 (452,25,'2007-06-29 16:34:55',18.4,'pus drained from nose','y',2),
 (453,27,'2007-06-29 16:36:54',20.1,'','y',2),
 (454,32,'2007-06-29 16:38:43',18.8,'','y',2),
 (455,29,'2007-06-29 16:40:19',17.6,'crazy','y',2),
 (456,34,'2007-06-29 16:40:50',17.5,'','y',2),
 (457,23,'2007-06-29 16:41:33',18.9,'','y',2),
 (458,31,'2007-06-29 16:45:10',16.5,'','y',2),
 (459,33,'2007-06-29 16:54:06',17.5,'keep a close eye on weight','n',2);
INSERT INTO `weights` (`id`,`bat_id`,`date`,`weight`,`note`,`after_eating`,`user_id`) VALUES 
 (460,26,'2007-06-29 16:52:01',18.4,'moved band','n',2),
 (461,10,'2007-06-29 17:02:33',14.7,'','y',2),
 (462,1,'2007-06-29 17:07:42',15.1,'bump on leg, drained - all blood - topical AB','y',2),
 (463,9,'2007-06-29 17:09:03',15.3,'','y',2),
 (464,37,'2007-06-29 17:10:29',7,'','y',2),
 (465,36,'2007-06-29 17:12:16',16.7,'','y',2),
 (466,38,'2007-06-29 17:18:00',19.4,'','y',2),
 (467,39,'2007-06-29 17:20:00',20,'','y',2),
 (468,40,'2007-06-29 17:24:00',16.8,'','y',2),
 (469,41,'2007-06-29 17:42:54',13.7,'fed additional worms','n',2),
 (470,4,'2007-06-29 17:35:00',17,'','y',2),
 (471,42,'2007-06-29 17:43:00',13.9,'','y',2),
 (472,44,'2007-06-29 17:46:00',15.3,'','y',2),
 (473,67,'2007-06-29 17:52:50',15.3,'sweaty','y',2),
 (474,17,'2007-06-29 18:41:46',12.6,'brushed teeth','n',1),
 (475,16,'2007-06-29 19:32:14',14.2,'brushed teeth','n',1),
 (476,39,'2007-06-30 11:33:00',19.3,'','n',7),
 (477,4,'2007-06-30 11:40:00',13.5,'','n',7),
 (478,44,'2007-06-30 11:45:00',14.4,'','n',7);
INSERT INTO `weights` (`id`,`bat_id`,`date`,`weight`,`note`,`after_eating`,`user_id`) VALUES 
 (479,79,'2007-06-30 13:01:00',8.4,'','n',7),
 (480,79,'2007-06-30 16:50:15',9,'fed some worm guts and more puppy formula','y',1),
 (481,63,'2007-06-30 16:59:53',5.3,'detached from OR45, tried to reattach, but OR45 already had OR51 with her and wouldn\'t take OR49, tried feeding formula, but wouldn\'t take any','n',1),
 (482,16,'2007-06-30 17:04:25',15.5,'','y',1),
 (483,17,'2007-06-30 17:04:32',13.3,'','y',1),
 (484,39,'2007-07-01 07:37:00',19.8,'','n',7),
 (485,4,'2007-07-01 07:49:00',13.4,'','n',7),
 (486,44,'2007-07-01 07:53:00',14.8,'','n',7),
 (487,79,'2007-07-01 08:00:00',8.7,'','n',7),
 (488,79,'2007-07-02 08:03:39',8.4,'Gave 1cc of puppy formula and the guts from 2 worms. 9.2grs after eating. Placed bat in a pouch for warmth.','n',3),
 (489,51,'2007-07-02 08:10:54',22.2,'mom with one pup (OR49).','n',3),
 (490,47,'2007-07-02 08:12:38',17.4,'lost her band. Alone.','n',3),
 (491,48,'2007-07-02 08:14:02',15.6,'mom alone','n',3),
 (492,62,'2007-07-02 08:15:07',7.2,'yay!!','n',3);
INSERT INTO `weights` (`id`,`bat_id`,`date`,`weight`,`note`,`after_eating`,`user_id`) VALUES 
 (493,75,'2007-07-02 08:17:13',6.1,'removed band. It was too tight, wing joint swollen.','n',3),
 (494,65,'2007-07-02 08:18:32',6,'','n',3),
 (495,46,'2007-07-02 10:26:51',13.1,'','n',13),
 (496,50,'2007-07-02 10:28:23',12.7,'','n',13),
 (497,49,'2007-07-02 10:29:22',14.8,'','n',13),
 (498,3,'2007-07-02 11:24:31',12.2,'','n',11),
 (499,11,'2007-07-02 11:25:15',14.7,'','n',11),
 (500,54,'2007-07-02 11:25:57',16.1,'','n',11),
 (501,14,'2007-07-02 11:45:15',17.1,'brushed teeth','n',2),
 (502,18,'2007-07-02 11:48:24',18.2,'brushed teeth','n',2),
 (503,13,'2007-07-02 11:50:00',17.5,'brushed teeth','n',2),
 (504,12,'2007-07-02 11:54:01',20.6,'brushed teeth','n',2),
 (505,8,'2007-07-02 11:55:52',17.6,'brushed teeth','n',2),
 (506,20,'2007-07-02 11:58:13',21.4,'brushed teeth','n',2),
 (507,21,'2007-07-02 12:07:23',17.3,'brushed teeth','n',2),
 (508,43,'2007-07-02 12:13:02',15.2,'brushed teeth, drained small amount of pus from nose','n',2),
 (509,6,'2007-07-02 12:30:03',15.7,'brushed teeth','n',2);
INSERT INTO `weights` (`id`,`bat_id`,`date`,`weight`,`note`,`after_eating`,`user_id`) VALUES 
 (510,22,'2007-07-02 12:31:37',17.5,'brushed teeth','n',2),
 (511,7,'2007-07-02 12:33:03',18,'brushed teeth','n',2),
 (512,19,'2007-07-02 12:37:17',16,'brushed teeth','n',2),
 (513,10,'2007-07-02 12:39:56',11.8,'brushed teeth, fed extra rooms','n',2),
 (514,1,'2007-07-02 12:42:12',13,'brushed teeth','n',2),
 (515,9,'2007-07-02 12:44:08',13.8,'brushed teeth','n',2),
 (516,52,'2007-07-02 13:11:58',13.4,'','n',11),
 (517,74,'2007-07-02 13:13:37',13,'','n',11),
 (518,53,'2007-07-02 13:14:48',14.5,'','n',11),
 (519,79,'2007-07-02 15:40:20',9.5,'feed more formula and worms, took both really well','y',8),
 (520,38,'2007-07-02 15:42:00',20.4,'losing fur on right side of head','y',8),
 (521,4,'2007-07-02 15:43:00',16,'','y',8),
 (522,39,'2007-07-02 15:45:00',20,'','y',8),
 (523,5,'2007-07-02 15:48:00',15.5,'abscess drained once in morn','y',8),
 (524,40,'2007-07-02 15:50:00',17.8,'drained, a lot of blood/pus drained','y',8),
 (525,41,'2007-07-02 15:53:00',16,'','y',8);
INSERT INTO `weights` (`id`,`bat_id`,`date`,`weight`,`note`,`after_eating`,`user_id`) VALUES 
 (526,42,'2007-07-02 15:53:00',12,'seems like all his worm are still alive, eyes are glassy','y',8),
 (527,44,'2007-07-02 16:00:00',16.5,'','y',8),
 (528,67,'2007-07-02 16:06:38',16.7,'','y',8),
 (529,61,'2007-07-02 16:07:36',17.7,'','n',10),
 (530,2,'2007-07-02 16:26:14',13.6,'','y',8),
 (531,57,'2007-07-02 16:26:46',16.6,'','y',8),
 (532,56,'2007-07-02 16:27:22',17.8,'','y',8),
 (533,45,'2007-07-02 16:29:27',14.3,'some worms left over','y',8),
 (534,55,'2007-07-02 16:30:08',15.4,'some worms left over','n',8),
 (535,17,'2007-07-02 18:09:21',12.2,'bt','n',1),
 (536,16,'2007-07-02 18:09:14',14.1,'','n',1),
 (537,27,'2007-07-03 21:34:00',19.3,'','n',10),
 (538,46,'2007-07-03 10:58:00',12.7,'','n',11),
 (539,50,'2007-07-03 10:59:41',12.5,'','n',11),
 (540,49,'2007-07-03 11:03:21',14.8,'','n',11),
 (541,54,'2007-07-03 13:10:27',15.6,'','n',11),
 (542,3,'2007-07-03 13:10:54',11.8,'','n',11),
 (543,11,'2007-07-03 13:11:15',15.5,'','n',11),
 (544,52,'2007-07-03 13:40:30',13.2,'','n',13);
INSERT INTO `weights` (`id`,`bat_id`,`date`,`weight`,`note`,`after_eating`,`user_id`) VALUES 
 (545,74,'2007-07-03 13:41:13',12.8,'','n',13),
 (546,53,'2007-07-03 13:41:46',14.5,'','n',13),
 (547,38,'2007-07-03 15:14:00',20.2,'','y',1),
 (548,4,'2007-07-03 15:16:00',15.9,'steady weight','y',1),
 (549,39,'2007-07-03 15:23:00',20.4,'','y',1),
 (550,5,'2007-07-03 15:26:00',15.1,'','y',1),
 (551,40,'2007-07-03 15:34:00',17.6,'','y',1),
 (552,41,'2007-07-03 15:37:00',15.2,'has eaten some','n',1),
 (553,42,'2007-07-03 15:41:00',11.8,'','n',1),
 (554,44,'2007-07-03 15:43:00',16.3,'','y',1),
 (555,79,'2007-07-03 15:46:00',8.3,'','n',1),
 (556,17,'2007-07-03 18:05:17',12.5,'bt','n',1),
 (557,16,'2007-07-03 18:05:12',14.1,'','n',1),
 (558,61,'2007-07-03 21:31:27',17.8,'','n',10),
 (559,79,'2007-07-04 11:31:00',9.4,'','y',2),
 (560,38,'2007-07-04 12:50:00',20.2,'','y',2),
 (561,4,'2007-07-04 12:51:44',15,'','n',2),
 (562,5,'2007-07-04 12:57:00',15.5,'','n',2),
 (563,40,'2007-07-04 12:58:00',18.3,'','n',2),
 (564,39,'2007-07-04 12:58:00',20.4,'','n',2);
INSERT INTO `weights` (`id`,`bat_id`,`date`,`weight`,`note`,`after_eating`,`user_id`) VALUES 
 (565,42,'2007-07-04 13:00:00',11.8,'','n',2),
 (566,44,'2007-07-04 13:03:00',16.9,'','y',2),
 (567,67,'2007-07-04 13:05:46',16.7,'','y',2),
 (568,27,'2007-07-04 13:10:00',18.8,'','n',2),
 (569,79,'2007-07-04 13:12:00',9.2,'fed some more worms and formula, more worms than formula','y',2),
 (570,41,'2007-07-04 13:12:00',15.9,'','y',2),
 (571,61,'2007-07-04 13:16:10',17.9,'','n',10),
 (572,52,'2007-07-05 10:26:24',13.6,'','n',11),
 (573,53,'2007-07-05 10:28:12',14.6,'','n',11),
 (574,74,'2007-07-05 10:30:43',12.9,'','n',11),
 (575,47,'2007-07-05 12:04:36',17.3,'','n',1),
 (576,48,'2007-07-05 12:06:16',15.9,'','n',1),
 (577,75,'2007-07-05 16:21:00',6.7,'swollen wing joint','n',1),
 (579,51,'2007-07-05 12:29:38',30,'with both pups','n',1),
 (581,62,'2007-07-05 12:29:51',8,'','n',1),
 (582,65,'2007-07-05 12:32:05',6,'estimated from mom and pups weight','n',1),
 (583,63,'2007-07-05 12:32:19',6,'estimated from mom and pups weight','n',1),
 (584,79,'2007-07-05 16:42:00',8.5,'did not eat its worms from yesterday','n',6);
INSERT INTO `weights` (`id`,`bat_id`,`date`,`weight`,`note`,`after_eating`,`user_id`) VALUES 
 (585,12,'2007-07-05 13:43:21',20.3,'','n',8),
 (586,14,'2007-07-05 13:43:37',16.5,'','n',8),
 (587,13,'2007-07-05 13:45:22',16.2,'','n',8),
 (588,18,'2007-07-05 13:46:26',18.3,'','n',8),
 (589,20,'2007-07-05 13:47:23',21.1,'','n',8),
 (590,8,'2007-07-05 13:47:56',18.2,'','n',8),
 (591,33,'2007-07-05 13:50:04',17.6,'','n',8),
 (592,43,'2007-07-05 13:52:40',15.9,'','n',8),
 (593,21,'2007-07-05 13:53:47',17.5,'','n',8),
 (594,7,'2007-07-05 13:54:17',16.8,'','n',8),
 (595,6,'2007-07-05 13:54:51',15,'','n',8),
 (596,19,'2007-07-05 13:55:30',16.5,'','n',8),
 (597,22,'2007-07-05 13:55:52',18.1,'','n',8),
 (598,46,'2007-07-05 14:03:57',12.7,'','n',13),
 (599,49,'2007-07-05 14:04:11',14.2,'','n',13),
 (600,50,'2007-07-05 14:04:24',12.1,'','n',13),
 (601,54,'2007-07-05 14:27:53',15.1,'','n',8),
 (602,11,'2007-07-05 14:28:36',14.5,'','n',8),
 (603,3,'2007-07-05 14:29:19',11.9,'','n',8),
 (604,4,'2007-07-05 14:31:00',15.6,'','y',8),
 (605,38,'2007-07-05 14:34:00',20.3,'','y',8);
INSERT INTO `weights` (`id`,`bat_id`,`date`,`weight`,`note`,`after_eating`,`user_id`) VALUES 
 (606,39,'2007-07-05 14:36:00',20.4,'','y',8),
 (607,40,'2007-07-05 14:38:00',18.3,'','y',8),
 (608,5,'2007-07-05 14:40:00',14.8,'fed extra worms','y',8),
 (609,41,'2007-07-05 14:44:00',14.9,'worms still left over','y',8),
 (610,42,'2007-07-05 14:45:00',12.3,'','n',8),
 (611,44,'2007-07-05 14:48:00',16.3,'','y',8),
 (612,27,'2007-07-05 14:51:00',19.3,'','n',8),
 (613,2,'2007-07-05 14:56:44',13.3,'','y',8),
 (614,57,'2007-07-05 14:57:42',16.8,'','y',8),
 (615,56,'2007-07-05 14:58:54',17.6,'','y',8),
 (616,45,'2007-07-05 15:08:16',15.1,'worms left over','y',8),
 (617,55,'2007-07-05 15:10:31',14.4,'worms left over','y',8),
 (618,17,'2007-07-05 16:47:59',12.3,'','n',1),
 (619,16,'2007-07-05 17:16:44',14.2,'','n',1),
 (620,15,'2007-07-05 17:43:14',13.7,'','n',1),
 (621,79,'2007-07-06 16:57:00',8.8,'fed formula and worm guts','n',2),
 (622,75,'2007-07-06 11:11:00',6.6,'mom is bandless, felt a little cold','n',1),
 (623,35,'2007-07-06 11:22:43',24.4,'brushed teeth. Cleaned face.','n',1);
INSERT INTO `weights` (`id`,`bat_id`,`date`,`weight`,`note`,`after_eating`,`user_id`) VALUES 
 (624,24,'2007-07-06 11:25:31',23.7,'a little pus drained from face, brushed teeth','n',1),
 (625,34,'2007-07-06 11:25:12',16.1,'brushed teeth.','n',1),
 (626,26,'2007-07-06 11:30:16',17.2,'brushed teeth','n',1),
 (627,32,'2007-07-06 11:30:40',18,'brushed teeth','n',1),
 (628,53,'2007-07-06 11:30:44',14.2,'','n',11),
 (629,52,'2007-07-06 11:30:52',13.8,'','n',11),
 (630,74,'2007-07-06 11:30:59',12.6,'','n',11),
 (631,23,'2007-07-06 11:31:17',16,'brushed teeth','n',1),
 (632,25,'2007-07-06 11:33:32',17.1,'bunch of pus drained from face, bad gums, brushed teeth','n',1),
 (633,28,'2007-07-06 11:33:54',20,'brushed teeth','n',1),
 (634,29,'2007-07-06 11:34:39',16.5,'brushed teeth','n',1),
 (635,31,'2007-07-06 11:34:54',16.7,'brushed teeth','n',1),
 (636,37,'2007-07-06 11:38:06',5.8,'very lively today :)','n',1),
 (637,36,'2007-07-06 11:40:03',15.7,'brushed teeth','n',1),
 (638,10,'2007-07-06 11:43:12',11.8,'brushed teeth','n',1),
 (639,9,'2007-07-06 11:44:42',14.1,'brushed teeth','n',1);
INSERT INTO `weights` (`id`,`bat_id`,`date`,`weight`,`note`,`after_eating`,`user_id`) VALUES 
 (640,1,'2007-07-06 11:47:09',13,'brushed teeth','n',1),
 (641,41,'2007-07-06 11:49:00',15.4,'brushed teeth','n',1),
 (642,38,'2007-07-06 11:50:00',18.5,'brushed teeth','n',1),
 (643,39,'2007-07-06 11:53:00',19.6,'always appears a bit sleepy, sluggish','n',1),
 (644,40,'2007-07-06 11:56:00',16.5,'pus on surgical site. It started coming out from different areas as I applied pressure. Put some topical antibiotic on.','n',1),
 (645,4,'2007-07-06 11:59:00',13.6,'','n',1),
 (646,42,'2007-07-06 11:59:00',12.1,'fed some extra white worms in cage','n',1),
 (647,44,'2007-07-06 12:01:00',14.5,'wing looks dry and clean. Seems like some new tissue has formed. Bat is very sweaty.','n',1),
 (648,67,'2007-07-06 12:04:45',15.3,'','n',1),
 (649,5,'2007-07-06 12:06:00',14.1,'','n',1),
 (650,46,'2007-07-06 13:11:12',12.1,'','n',13),
 (651,50,'2007-07-06 13:12:04',11.9,'','n',13),
 (652,49,'2007-07-06 13:13:40',14.4,'','n',13),
 (653,11,'2007-07-06 15:06:23',14,'didn\'t want to eat, fed a few worms and some Nutrical','y',13);
INSERT INTO `weights` (`id`,`bat_id`,`date`,`weight`,`note`,`after_eating`,`user_id`) VALUES 
 (654,3,'2007-07-06 15:08:19',12.8,'','y',13),
 (655,54,'2007-07-06 15:09:00',15.1,'','y',13),
 (656,60,'2007-07-06 16:09:18',17.5,'','n',9),
 (657,59,'2007-07-06 16:09:49',21,'','n',9),
 (658,17,'2007-07-06 16:13:40',12.7,'','n',1),
 (659,27,'2007-07-06 16:56:00',17.5,'','n',9),
 (660,39,'2007-07-07 17:39:00',20.3,'','y',7),
 (661,5,'2007-07-07 17:44:00',14.7,'','y',7),
 (662,4,'2007-07-07 17:51:00',16.5,'','y',7),
 (663,44,'2007-07-07 17:55:00',16.3,'','y',7),
 (664,27,'2007-07-07 17:59:00',19.8,'','y',7),
 (665,79,'2007-07-07 18:25:00',8.7,'','n',7),
 (666,75,'2007-07-07 18:13:00',7,'','y',7),
 (667,79,'2007-07-08 11:50:00',8.7,'','n',7),
 (668,39,'2007-07-08 11:16:00',19.5,'','n',7),
 (669,5,'2007-07-08 11:19:00',14.5,'','n',7),
 (671,4,'2007-07-08 11:29:00',15.3,'','n',7),
 (672,27,'2007-07-08 11:34:00',18.8,'','n',7),
 (673,75,'2007-07-08 11:37:00',6.4,'','n',7),
 (674,53,'2007-07-09 10:15:14',13.9,'','n',11),
 (675,74,'2007-07-09 10:16:40',12.6,'','n',11);
INSERT INTO `weights` (`id`,`bat_id`,`date`,`weight`,`note`,`after_eating`,`user_id`) VALUES 
 (676,52,'2007-07-09 10:17:37',13.3,'','n',11),
 (677,34,'2007-07-09 10:38:19',16.4,'bt','n',6),
 (678,18,'2007-07-09 10:39:32',18.2,'bt','n',6),
 (679,13,'2007-07-09 10:42:04',17.2,'bt','n',6),
 (680,12,'2007-07-09 10:44:57',20.4,'bt','n',6),
 (681,20,'2007-07-09 10:47:22',21.1,'bt','n',6),
 (682,8,'2007-07-09 10:49:45',19.3,'bt','n',6),
 (683,14,'2007-07-09 10:51:42',16.7,'bt','n',6),
 (684,36,'2007-07-09 10:54:39',15.6,'bt','n',6),
 (685,7,'2007-07-09 11:02:54',14.5,'bt','n',6),
 (686,19,'2007-07-09 11:06:01',16.8,'bt','n',6),
 (687,21,'2007-07-09 11:08:38',17.6,'bt','n',6),
 (688,6,'2007-07-09 11:10:52',15.3,'bt','n',6),
 (689,22,'2007-07-09 11:12:47',19.6,'bt','n',6),
 (690,43,'2007-07-09 11:14:48',16.9,'bt','n',6),
 (691,9,'2007-07-09 11:24:40',13.6,'bt','n',6),
 (692,10,'2007-07-09 11:27:05',11.9,'bt','n',6),
 (693,1,'2007-07-09 11:28:41',13.1,'bt','n',6),
 (694,33,'2007-07-09 11:55:00',18.2,'bt, a bump on right wing','n',6),
 (695,79,'2007-07-09 16:31:00',10.3,'after eating 2nd time at 4:30','y',8);
INSERT INTO `weights` (`id`,`bat_id`,`date`,`weight`,`note`,`after_eating`,`user_id`) VALUES 
 (696,3,'2007-07-09 12:05:36',12.6,'','n',13),
 (697,54,'2007-07-09 12:07:03',14.2,'','n',13),
 (698,75,'2007-07-09 12:33:13',6.5,'','n',2),
 (699,46,'2007-07-09 14:00:56',12.1,'','n',13),
 (700,49,'2007-07-09 14:01:05',14.6,'','n',13),
 (701,50,'2007-07-09 14:01:13',12.3,'','n',13),
 (702,37,'2007-07-09 15:07:30',6.3,'','n',8),
 (703,38,'2007-07-09 15:22:00',19.9,'','y',8),
 (704,4,'2007-07-09 15:24:00',15.5,'','y',8),
 (705,39,'2007-07-09 15:55:00',20.4,'','n',8),
 (706,40,'2007-07-09 15:31:00',18.1,'','y',8),
 (707,5,'2007-07-09 15:32:00',14.8,'','y',8),
 (708,41,'2007-07-09 15:35:00',16,'','y',8),
 (709,42,'2007-07-09 15:37:00',12.1,'','n',8),
 (710,67,'2007-07-09 15:42:27',16,'','y',8),
 (711,44,'2007-07-09 15:42:00',15.9,'','y',8),
 (712,26,'2007-07-09 15:53:38',17.8,'','y',8),
 (713,24,'2007-07-09 15:53:52',23.6,'','y',8),
 (714,32,'2007-07-09 15:54:00',18.9,'','y',8),
 (715,35,'2007-07-09 15:54:10',25,'','y',8),
 (716,29,'2007-07-09 15:54:20',16.6,'','y',8);
INSERT INTO `weights` (`id`,`bat_id`,`date`,`weight`,`note`,`after_eating`,`user_id`) VALUES 
 (717,31,'2007-07-09 15:54:32',17.3,'','y',8),
 (718,25,'2007-07-09 15:54:43',16.6,'','y',8),
 (719,28,'2007-07-09 15:54:53',19.7,'','y',8),
 (720,23,'2007-07-09 15:55:03',16.5,'','y',8),
 (721,17,'2007-07-09 16:46:04',12,'mites','n',1),
 (722,27,'2007-07-09 17:05:00',18.2,'','n',9),
 (723,61,'2007-07-09 17:09:17',17.3,'','n',10),
 (724,16,'2007-07-09 17:37:32',14.4,'','n',1),
 (725,15,'2007-07-09 18:06:19',13.3,'','n',1),
 (726,79,'2007-07-10 17:51:00',8.9,'9.7 after eating','n',5),
 (727,38,'2007-07-10 11:07:00',18.6,'','n',1),
 (728,41,'2007-07-10 11:17:00',15.3,'brushed teeth','n',1),
 (729,53,'2007-07-10 11:24:58',13.7,'','n',11),
 (730,52,'2007-07-10 11:25:07',13.3,'','n',11),
 (731,74,'2007-07-10 11:25:20',11.8,'','n',11),
 (732,39,'2007-07-10 11:23:00',19.5,'','n',1),
 (733,5,'2007-07-10 11:26:00',13.9,'','n',1),
 (734,40,'2007-07-10 11:28:00',16.5,'','n',1),
 (735,4,'2007-07-10 11:33:54',13.9,'brushed teeth','n',1),
 (736,42,'2007-07-10 11:34:00',12.1,'didn\'t eat all its worms','n',1);
INSERT INTO `weights` (`id`,`bat_id`,`date`,`weight`,`note`,`after_eating`,`user_id`) VALUES 
 (737,33,'2007-07-10 11:38:00',17.8,'','n',1),
 (738,44,'2007-07-10 11:45:00',13.7,'','n',1),
 (739,67,'2007-07-10 11:47:51',14.9,'if weight drops any more, move bat to new cage','n',1),
 (740,62,'2007-07-10 12:54:41',10.2,'tried to feed some worm guts','n',5),
 (741,63,'2007-07-10 12:54:56',7.6,'ate some worm guts','n',5),
 (742,65,'2007-07-10 12:55:18',8.2,'ate some worm guts','n',5),
 (743,3,'2007-07-10 13:26:21',12.1,'','n',13),
 (744,54,'2007-07-10 13:26:28',13.8,'','n',13),
 (745,17,'2007-07-10 15:29:17',12.3,'bt','n',1),
 (746,16,'2007-07-10 15:50:17',14.3,'bt','n',1),
 (747,47,'2007-07-10 16:20:16',19.3,'','y',11),
 (748,49,'2007-07-10 16:20:28',15,'','y',11),
 (749,46,'2007-07-10 16:34:02',12.1,'','n',2),
 (750,50,'2007-07-10 16:36:03',12.1,'','n',2),
 (751,60,'2007-07-10 18:19:42',17.3,'','n',9),
 (752,27,'2007-07-10 18:20:00',18.4,'','n',9),
 (753,59,'2007-07-10 18:20:22',21.2,'','n',9),
 (754,52,'2007-07-11 10:08:54',13.4,'','n',11);
INSERT INTO `weights` (`id`,`bat_id`,`date`,`weight`,`note`,`after_eating`,`user_id`) VALUES 
 (755,74,'2007-07-11 10:10:34',11.7,'','n',11),
 (756,53,'2007-07-11 10:12:21',13.9,'','n',11),
 (757,47,'2007-07-11 11:12:06',18.2,'','n',11),
 (758,49,'2007-07-11 11:13:27',14,'','n',11),
 (759,27,'2007-07-11 12:05:00',18.4,'','n',9),
 (760,54,'2007-07-11 12:22:35',13.5,'','n',13),
 (761,3,'2007-07-11 12:22:45',12,'','n',13),
 (762,46,'2007-07-11 13:23:27',12.3,'','n',2),
 (763,50,'2007-07-11 13:25:01',12.2,'','n',2),
 (764,39,'2007-07-11 15:03:00',20.6,'','y',2),
 (765,40,'2007-07-11 15:06:00',18.7,'','y',2),
 (766,4,'2007-07-11 15:07:00',15.5,'','y',2),
 (767,33,'2007-07-11 15:10:00',19.3,'','y',2),
 (768,61,'2007-07-11 15:16:02',17.6,'','n',2),
 (769,17,'2007-07-11 15:16:40',12.7,'','n',1),
 (770,44,'2007-07-11 15:16:00',16.8,'','y',2),
 (771,67,'2007-07-11 15:23:01',16.5,'','y',2),
 (772,38,'2007-07-11 15:25:59',20.4,'','y',2),
 (773,41,'2007-07-11 15:27:18',15.4,'','y',2),
 (774,42,'2007-07-11 15:29:23',11.9,'','y',2),
 (775,79,'2007-07-11 15:37:00',10.1,'','n',2);
INSERT INTO `weights` (`id`,`bat_id`,`date`,`weight`,`note`,`after_eating`,`user_id`) VALUES 
 (776,16,'2007-07-11 15:39:29',14.1,'','n',1),
 (777,53,'2007-07-12 10:09:41',13.8,'','n',11),
 (778,74,'2007-07-12 10:10:27',12.6,'','n',11),
 (779,52,'2007-07-12 10:11:15',13,'','n',11),
 (780,79,'2007-07-12 10:30:00',9.9,'','n',3),
 (781,34,'2007-07-12 12:06:55',15.8,'','n',8),
 (782,8,'2007-07-12 12:08:40',19.8,'','n',8),
 (783,36,'2007-07-12 12:09:17',16.1,'','n',8),
 (784,13,'2007-07-12 12:11:54',16.2,'','n',8),
 (785,14,'2007-07-12 12:12:53',16.1,'','n',8),
 (786,20,'2007-07-12 12:14:07',20.6,'','n',8),
 (787,12,'2007-07-12 12:15:36',20.2,'','n',8),
 (788,18,'2007-07-12 12:15:58',17.3,'','n',8),
 (789,6,'2007-07-12 12:28:18',15.6,'','n',8),
 (790,22,'2007-07-12 12:28:29',19.6,'','n',8),
 (791,5,'2007-07-12 12:28:41',15.1,'','n',8),
 (792,19,'2007-07-12 12:28:49',15.5,'','n',8),
 (793,21,'2007-07-12 12:29:00',17.5,'','n',8),
 (794,43,'2007-07-12 12:29:09',16.1,'','n',8),
 (795,38,'2007-07-12 14:03:00',20.6,'','y',8),
 (796,41,'2007-07-12 14:04:00',15,'don\'t think he got many worms- fed extra','y',8);
INSERT INTO `weights` (`id`,`bat_id`,`date`,`weight`,`note`,`after_eating`,`user_id`) VALUES 
 (797,39,'2007-07-12 14:10:00',20.7,'','y',8),
 (798,40,'2007-07-12 14:11:00',19.1,'','y',8),
 (799,42,'2007-07-12 14:14:00',12.2,'','n',8),
 (800,33,'2007-07-12 14:16:00',19.4,'','y',8),
 (801,46,'2007-07-12 14:18:21',12,'','n',8),
 (802,50,'2007-07-12 14:18:32',12.6,'','n',8),
 (803,44,'2007-07-12 14:18:00',16.2,'','y',8),
 (804,4,'2007-07-12 14:23:00',15.9,'','y',8),
 (805,47,'2007-07-12 15:44:46',17.8,'','n',13),
 (806,49,'2007-07-12 15:44:57',14.1,'','n',13),
 (807,56,'2007-07-12 17:38:03',17.7,'BT','y',5),
 (808,2,'2007-07-12 17:41:20',11.7,'BT; nose cleaned; fed extra in dish; eats slowly; watch weight & nose','y',5),
 (809,57,'2007-07-12 17:40:06',16.4,'BT','y',5),
 (810,55,'2007-07-12 17:40:33',15.9,'BT','y',5),
 (811,45,'2007-07-12 17:41:05',13.2,'BT; mite eggs on wings','y',5),
 (812,17,'2007-07-12 18:50:54',12.7,'','n',1),
 (813,62,'2007-07-13 10:38:51',11,'R forearm:  40.1mm; R total gap:  3.8mm; sort of ate some mealworms (chewed on them); starting to fly fairly well (can turn, not land on floor)','n',5),
 (814,48,'2007-07-13 10:03:37',17.6,'','n',3);
INSERT INTO `weights` (`id`,`bat_id`,`date`,`weight`,`note`,`after_eating`,`user_id`) VALUES 
 (815,79,'2007-07-13 10:19:00',10.1,'','n',3),
 (816,74,'2007-07-13 10:24:23',12.4,'','n',11),
 (817,53,'2007-07-13 10:25:46',14.1,'','n',11),
 (818,52,'2007-07-13 10:26:55',13.3,'','n',11),
 (819,51,'2007-07-13 10:34:50',19.7,'got to fly a little in flight room','n',5),
 (820,63,'2007-07-13 10:40:19',8.5,'L forearm:  37.7mm; R wing appears to be broken (forearm); doesn\'t really fly yet; chewed on mealworms','n',5),
 (821,65,'2007-07-13 10:40:00',9.1,'ate some mealworms; can fly some (getting better)--can fly across room before landing on floor','n',5),
 (822,49,'2007-07-13 11:39:58',13.7,'','n',11),
 (823,47,'2007-07-13 11:41:41',17.5,'','n',11),
 (824,54,'2007-07-13 13:39:55',13,'13.5 on 7-12','n',13),
 (825,3,'2007-07-13 13:40:14',11.9,'12.1 on 7-12','n',13),
 (826,46,'2007-07-13 15:03:23',11.7,'','n',2),
 (827,50,'2007-07-13 15:03:29',12.4,'','n',2),
 (828,55,'2007-07-13 16:17:33',17.2,'','y',5),
 (829,45,'2007-07-13 16:18:40',13.6,'wiped mite eggs off wings; small hole in R wing near body','y',5);
INSERT INTO `weights` (`id`,`bat_id`,`date`,`weight`,`note`,`after_eating`,`user_id`) VALUES 
 (830,2,'2007-07-13 16:19:12',11.7,'cleaned nose; drained a little pus (but not much); gums look bad; ate a few white worms in a dish; food left in cage','y',5),
 (831,17,'2007-07-13 16:25:47',12.7,'','n',1),
 (832,16,'2007-07-13 16:47:36',13.7,'','n',1),
 (833,15,'2007-07-13 17:03:09',13.5,'','n',1),
 (834,41,'2007-07-13 19:05:35',14.2,'','y',1),
 (835,38,'2007-07-13 19:04:00',19.4,'','y',1),
 (836,40,'2007-07-13 19:15:00',18.3,'','y',1),
 (837,39,'2007-07-13 19:16:00',20.2,'','y',1),
 (838,4,'2007-07-13 19:16:00',15.1,'','y',1),
 (839,42,'2007-07-13 19:17:00',11.9,'','n',1),
 (840,33,'2007-07-13 19:17:00',18.9,'','y',1),
 (841,44,'2007-07-13 19:18:00',15.3,'','y',1),
 (842,40,'2007-07-14 12:34:00',16.5,'','n',7),
 (843,39,'2007-07-14 12:40:00',19.1,'','n',7),
 (844,4,'2007-07-14 12:43:00',13.7,'','n',7),
 (845,33,'2007-07-14 12:45:00',18,'','n',7),
 (846,44,'2007-07-14 12:50:00',13.7,'','n',7),
 (847,79,'2007-07-14 12:53:00',10.5,'','n',7);
INSERT INTO `weights` (`id`,`bat_id`,`date`,`weight`,`note`,`after_eating`,`user_id`) VALUES 
 (848,40,'2007-07-15 07:18:00',17.1,'','n',7),
 (849,39,'2007-07-15 07:21:00',19.4,'','n',7),
 (851,4,'2007-07-15 07:29:00',13.5,'','n',7),
 (852,33,'2007-07-15 07:30:00',18,'','n',7),
 (853,44,'2007-07-15 07:41:00',14.4,'','n',7),
 (854,79,'2007-07-15 07:55:00',10.5,'','n',7),
 (855,52,'2007-07-16 10:14:07',12.9,'','n',11),
 (856,74,'2007-07-16 10:15:08',12.4,'','n',11),
 (857,53,'2007-07-16 10:16:25',14,'','n',11),
 (858,34,'2007-07-16 10:46:36',15.1,'brushed teeth','n',2),
 (859,12,'2007-07-16 10:49:48',19.9,'brushed teeth, keep eye on his band may be becoming tight','n',2),
 (860,60,'2007-07-16 16:04:55',17.417,'','n',9),
 (861,14,'2007-07-16 10:52:45',15.5,'brushed teeth','n',2),
 (862,36,'2007-07-16 10:56:50',16.1,'brushed teeth','n',2),
 (863,8,'2007-07-16 11:02:18',20,'brushed teeth','n',2),
 (864,18,'2007-07-16 11:19:28',16.3,'brushed teeth, drained some pus from nose','n',2),
 (865,13,'2007-07-16 11:16:05',15.8,'brushed teeth, drained some pus from nose','n',2),
 (866,20,'2007-07-16 11:19:02',20,'brushed teeth','n',2);
INSERT INTO `weights` (`id`,`bat_id`,`date`,`weight`,`note`,`after_eating`,`user_id`) VALUES 
 (867,22,'2007-07-16 11:25:49',21.1,'brushed teeth','n',2),
 (868,5,'2007-07-16 11:28:56',15.3,'brushed teeth','n',2),
 (869,21,'2007-07-16 11:32:01',17,'brushed teeth','n',2),
 (870,43,'2007-07-16 11:37:31',15.5,'brushed teeth','n',2),
 (871,19,'2007-07-16 11:39:46',15.6,'brushed teeth','n',2),
 (872,6,'2007-07-16 11:42:15',14.1,'brushed teeth','n',2),
 (873,1,'2007-07-16 11:47:20',13.5,'brushed teeth','n',2),
 (874,9,'2007-07-16 11:48:48',12.9,'brushed teeth','n',2),
 (875,10,'2007-07-16 11:49:09',11.6,'fed few worms in dish','n',2),
 (876,49,'2007-07-16 13:09:53',14.5,'','n',11),
 (877,47,'2007-07-16 13:10:02',16.8,'','n',11),
 (878,3,'2007-07-16 14:01:26',12,'','n',13),
 (879,54,'2007-07-16 14:01:34',13,'','n',13),
 (880,46,'2007-07-16 14:56:52',12.1,'','n',2),
 (881,50,'2007-07-16 14:56:58',12.5,'','n',2),
 (882,28,'2007-07-16 16:06:00',18.5,'','n',9),
 (883,59,'2007-07-16 16:05:43',21,'','n',9),
 (884,27,'2007-07-16 16:06:19',18.2,'','n',9);
INSERT INTO `weights` (`id`,`bat_id`,`date`,`weight`,`note`,`after_eating`,`user_id`) VALUES 
 (885,17,'2007-07-16 16:24:58',12.3,'','n',1),
 (886,16,'2007-07-16 16:47:14',13.8,'','n',1),
 (887,40,'2007-07-16 17:40:00',18.2,'','y',1),
 (888,38,'2007-07-16 17:42:00',18.4,'weight dropping, good for now','y',1),
 (889,39,'2007-07-16 17:44:00',19.9,'','y',1),
 (890,4,'2007-07-16 17:45:00',13.6,'','y',1),
 (891,41,'2007-07-16 17:54:00',15.7,'bat eating the whole cage\'s food','n',1),
 (892,42,'2007-07-16 17:57:00',12.2,'possibly ate a few worms, but still a lot in the dish','n',1),
 (893,33,'2007-07-16 17:58:00',19.2,'','y',1),
 (894,44,'2007-07-16 18:04:00',16.1,'','y',1),
 (895,79,'2007-07-16 18:11:00',11.7,'','n',1),
 (896,53,'2007-07-17 10:09:45',14,'','n',13),
 (897,74,'2007-07-17 10:11:15',11.8,'','n',13),
 (898,47,'2007-07-17 10:26:41',16.4,'','n',13),
 (899,49,'2007-07-17 10:26:47',14.2,'','n',13),
 (900,54,'2007-07-17 10:27:03',12.8,'','n',13),
 (901,3,'2007-07-17 10:27:10',12.2,'','n',13),
 (902,37,'2007-07-17 13:17:43',6.2,'','n',8);
INSERT INTO `weights` (`id`,`bat_id`,`date`,`weight`,`note`,`after_eating`,`user_id`) VALUES 
 (903,24,'2007-07-17 13:20:19',23.4,'','y',8),
 (904,29,'2007-07-17 13:21:28',16.1,'','y',8),
 (905,23,'2007-07-17 13:27:23',16.4,'','y',8),
 (906,32,'2007-07-17 13:28:28',19,'','y',8),
 (907,35,'2007-07-17 13:29:15',24.6,'','y',8),
 (908,31,'2007-07-17 13:30:01',17.9,'','y',8),
 (909,26,'2007-07-17 13:30:40',16.9,'','y',8),
 (910,25,'2007-07-17 13:33:16',15.8,'','y',8),
 (911,40,'2007-07-17 13:39:00',18.5,'','y',8),
 (912,39,'2007-07-17 13:41:00',20.3,'','y',8),
 (913,38,'2007-07-17 13:43:00',18.8,'','y',8),
 (914,4,'2007-07-17 13:47:00',14.4,'','y',8),
 (915,41,'2007-07-17 13:49:00',16.7,'','y',8),
 (916,42,'2007-07-17 13:54:00',11.4,'hasn\'t eaten any worms','n',8),
 (917,44,'2007-07-17 13:56:00',16.3,'','y',8),
 (918,33,'2007-07-17 13:59:00',18.5,'','y',8),
 (919,46,'2007-07-17 15:14:01',12.4,'','n',2),
 (920,50,'2007-07-17 15:14:12',12.5,'','n',2),
 (921,48,'2007-07-17 16:15:11',21.7,'','y',8),
 (922,65,'2007-07-17 16:16:00',10,'','y',8);
INSERT INTO `weights` (`id`,`bat_id`,`date`,`weight`,`note`,`after_eating`,`user_id`) VALUES 
 (923,51,'2007-07-17 16:21:35',28.8,'','y',8),
 (924,62,'2007-07-17 16:23:43',12.3,'','y',8),
 (925,63,'2007-07-17 16:24:13',9.1,'','y',8),
 (926,79,'2007-07-17 16:28:24',14.2,'all worms in dish gone!!','y',8),
 (927,17,'2007-07-17 17:21:04',12.5,'','n',1),
 (928,16,'2007-07-17 18:21:01',14,'','n',1),
 (929,74,'2007-07-18 10:14:52',12.7,'','n',11),
 (930,52,'2007-07-18 10:16:31',13,'','n',11),
 (931,53,'2007-07-18 10:17:24',14.7,'','n',11),
 (932,47,'2007-07-18 13:07:29',15.8,'','n',13),
 (933,49,'2007-07-18 13:08:03',13.8,'','n',13),
 (934,39,'2007-07-18 13:19:00',19.3,'','n',8),
 (935,38,'2007-07-18 13:21:00',17.5,'','n',8),
 (936,40,'2007-07-18 13:21:00',17.3,'','n',8),
 (937,4,'2007-07-18 13:25:00',13.1,'','n',8),
 (938,41,'2007-07-18 13:27:00',15.2,'','n',8),
 (939,42,'2007-07-18 13:30:00',12.5,'ate some worms','n',8),
 (940,33,'2007-07-18 13:33:00',17.9,'','n',8),
 (941,44,'2007-07-18 13:38:00',14.4,'','n',8),
 (942,57,'2007-07-18 13:42:32',13.7,'','n',8);
INSERT INTO `weights` (`id`,`bat_id`,`date`,`weight`,`note`,`after_eating`,`user_id`) VALUES 
 (943,56,'2007-07-18 13:43:10',15.4,'','n',8),
 (944,45,'2007-07-18 13:45:27',12.7,'','n',8),
 (945,55,'2007-07-18 13:46:16',13.6,'','n',8),
 (946,54,'2007-07-18 14:06:55',12.7,'','n',11),
 (947,3,'2007-07-18 14:07:01',12,'','n',11),
 (948,50,'2007-07-18 14:43:01',12.4,'only got half the usual amount of worms because of her behavior in the flight room','y',2),
 (949,46,'2007-07-18 14:43:29',14.7,'training is going well, gets all her worms','y',2),
 (950,79,'2007-07-18 15:46:58',13.8,'3 worms left in cage, eating out of dish!','y',8),
 (951,17,'2007-07-18 17:33:47',12.7,'','n',2),
 (952,28,'2007-07-18 17:46:27',18.6,'','n',9),
 (953,62,'2007-07-18 17:47:02',12.5,'','n',5),
 (954,60,'2007-07-18 17:51:20',16.9,'','n',9),
 (955,59,'2007-07-18 17:53:21',20.8,'','n',9),
 (956,27,'2007-07-18 17:54:52',17.8,'','n',9),
 (957,74,'2007-07-19 10:09:07',11.9,'','n',11),
 (958,52,'2007-07-19 10:09:51',13.3,'','n',11),
 (959,53,'2007-07-19 10:10:41',14.6,'','n',11);
INSERT INTO `weights` (`id`,`bat_id`,`date`,`weight`,`note`,`after_eating`,`user_id`) VALUES 
 (960,49,'2007-07-19 13:54:09',14.6,'','n',13),
 (961,47,'2007-07-19 13:54:23',15.9,'','n',13),
 (962,40,'2007-07-19 15:10:00',19,'a little bit puss','n',6),
 (963,38,'2007-07-19 15:16:00',18.8,'','y',6),
 (964,46,'2007-07-19 15:27:09',13,'','n',2),
 (965,50,'2007-07-19 15:27:26',12.5,'had to switch wing band was on, was too tight','n',2),
 (966,39,'2007-07-19 15:30:00',20.1,'','y',6),
 (967,4,'2007-07-19 15:31:00',14.6,'','y',6),
 (968,41,'2007-07-19 15:34:00',18,'','n',6),
 (969,42,'2007-07-19 15:39:00',14,'','y',6),
 (970,33,'2007-07-19 15:42:00',18.4,'','y',6),
 (971,44,'2007-07-19 15:44:00',16.3,'','y',6),
 (972,67,'2007-07-19 15:47:34',18,'','y',6),
 (973,34,'2007-07-19 16:16:33',17.3,'loosened wing band','y',2),
 (974,18,'2007-07-19 16:19:39',15.5,'bad gums','y',2),
 (975,20,'2007-07-19 16:22:08',20.8,'','y',2),
 (976,36,'2007-07-19 16:23:09',18.2,'','y',2),
 (977,12,'2007-07-19 16:28:41',21.5,'','y',2),
 (978,14,'2007-07-19 16:35:02',15.8,'','y',2);
INSERT INTO `weights` (`id`,`bat_id`,`date`,`weight`,`note`,`after_eating`,`user_id`) VALUES 
 (979,13,'2007-07-19 16:35:25',17,'','y',2),
 (980,8,'2007-07-19 16:36:55',23.2,'','y',2),
 (981,21,'2007-07-19 16:42:45',16.9,'','y',2),
 (982,19,'2007-07-19 16:44:43',18.5,'','y',2),
 (983,22,'2007-07-19 16:46:19',24.2,'','y',2),
 (984,5,'2007-07-19 16:48:57',17.8,'','y',2),
 (985,43,'2007-07-19 16:51:38',15.3,'','y',2),
 (986,6,'2007-07-19 16:54:23',16.4,'','y',2),
 (987,15,'2007-07-19 17:18:21',13.6,'','n',1),
 (988,55,'2007-07-19 18:15:28',14.6,'','n',5),
 (989,54,'2007-07-19 18:16:14',12.8,'','n',5),
 (990,79,'2007-07-19 18:16:49',11.7,'','n',5),
 (991,51,'2007-07-19 18:17:18',26.3,'','y',5),
 (992,62,'2007-07-19 18:17:43',12.8,'','n',5),
 (993,3,'2007-07-19 18:19:08',12.5,'','n',5),
 (994,74,'2007-07-20 10:35:51',12.9,'','n',11),
 (995,52,'2007-07-20 10:37:11',13.2,'','n',11),
 (996,53,'2007-07-20 10:38:29',15,'','n',11),
 (997,40,'2007-07-20 13:13:00',18.7,'','y',6),
 (998,38,'2007-07-20 13:14:00',18.5,'','y',6),
 (999,39,'2007-07-20 13:15:00',20.3,'','y',6);
INSERT INTO `weights` (`id`,`bat_id`,`date`,`weight`,`note`,`after_eating`,`user_id`) VALUES 
 (1000,4,'2007-07-20 13:20:00',14.1,'','y',6),
 (1001,41,'2007-07-20 13:22:00',18.3,'','y',6),
 (1002,42,'2007-07-20 13:26:00',11.5,'','n',6),
 (1003,33,'2007-07-20 13:28:00',18.4,'','n',6),
 (1004,44,'2007-07-20 13:30:00',16.5,'','y',6),
 (1005,49,'2007-07-20 13:39:49',14.3,'','n',13),
 (1006,47,'2007-07-20 13:39:57',15.6,'','n',13),
 (1007,54,'2007-07-20 14:21:22',12.3,'','n',13),
 (1008,3,'2007-07-20 14:21:29',12,'','n',13),
 (1009,46,'2007-07-20 14:55:14',12.5,'','n',2),
 (1010,50,'2007-07-20 14:55:30',13.2,'','n',2),
 (1011,28,'2007-07-20 16:08:10',19.2,'','n',9),
 (1012,57,'2007-07-20 17:55:33',14.5,'BT','y',5),
 (1013,79,'2007-07-20 17:13:02',11.3,'','n',5),
 (1014,17,'2007-07-20 17:13:39',12.5,'','n',2),
 (1015,62,'2007-07-20 17:13:54',12.8,'','n',5),
 (1016,16,'2007-07-20 17:35:29',14.2,'','n',1),
 (1017,48,'2007-07-20 17:53:01',17.1,'','n',5),
 (1018,51,'2007-07-20 17:53:10',19.9,'','n',5),
 (1019,63,'2007-07-20 17:53:53',9.7,'was fed some worms by hand... still doesn\'t really know how to eat from a dish; R wing looking better','n',5);
INSERT INTO `weights` (`id`,`bat_id`,`date`,`weight`,`note`,`after_eating`,`user_id`) VALUES 
 (1020,65,'2007-07-20 17:54:25',10.2,'was fed some worms by hand; learning how to eat from a dish but not quite there yet','n',5),
 (1021,56,'2007-07-20 17:55:14',15.8,'BT','y',5),
 (1022,55,'2007-07-20 17:55:59',15.2,'BT','y',5),
 (1023,45,'2007-07-20 17:56:25',13.3,'BT; still some food left in dish','y',5),
 (1024,39,'2007-07-21 09:41:00',19.9,'','n',7),
 (1025,40,'2007-07-21 09:43:00',17.6,'','n',7),
 (1026,41,'2007-07-21 09:50:00',16.6,'','n',7),
 (1027,4,'2007-07-21 09:52:00',12.8,'','n',7),
 (1028,33,'2007-07-21 09:56:00',16.8,'','n',7),
 (1029,40,'2007-07-22 08:59:00',17.8,'','n',7),
 (1030,39,'2007-07-22 09:01:00',19.8,'','n',7),
 (1031,41,'2007-07-22 09:05:00',16.2,'','n',7),
 (1032,4,'2007-07-22 09:08:00',13,'','n',7),
 (1033,33,'2007-07-22 09:10:00',17.6,'','n',7),
 (1034,62,'2007-07-23 10:24:17',9.9,'after missing for tow days, fed water and worm, 11g after eating','n',6),
 (1035,12,'2007-07-23 10:36:28',20.4,'bt','n',6),
 (1036,20,'2007-07-23 10:39:25',19.2,'bt','n',6);
INSERT INTO `weights` (`id`,`bat_id`,`date`,`weight`,`note`,`after_eating`,`user_id`) VALUES 
 (1037,14,'2007-07-23 10:39:39',15.8,'bt','n',6),
 (1038,34,'2007-07-23 10:42:03',15.9,'bt','n',6),
 (1039,18,'2007-07-23 10:42:36',13.5,'bt','n',6),
 (1040,36,'2007-07-23 10:44:46',16.8,'bt','n',6),
 (1041,13,'2007-07-23 10:47:14',15.8,'bt','n',6),
 (1042,8,'2007-07-23 10:52:41',20.8,'bt','n',6),
 (1043,22,'2007-07-23 11:02:25',23,'bt','n',6),
 (1044,43,'2007-07-23 11:02:57',12.8,'','n',6),
 (1045,21,'2007-07-23 11:10:27',16.8,'bt','n',6),
 (1046,6,'2007-07-23 11:10:39',15.3,'','n',6),
 (1047,19,'2007-07-23 11:12:09',16.9,'bt','n',6),
 (1048,5,'2007-07-23 11:12:29',15.7,'bt','n',6),
 (1049,10,'2007-07-23 11:18:28',12,'','n',6),
 (1050,9,'2007-07-23 11:20:21',12.7,'bt','n',6),
 (1051,1,'2007-07-23 11:20:52',13.6,'','n',6),
 (1052,53,'2007-07-23 13:39:45',14.7,'','n',11),
 (1053,52,'2007-07-23 13:39:55',13.2,'','n',11),
 (1054,74,'2007-07-23 13:40:05',12.5,'','n',11),
 (1055,54,'2007-07-23 13:48:44',13,'','n',11),
 (1056,3,'2007-07-23 13:48:52',12.5,'','n',11);
INSERT INTO `weights` (`id`,`bat_id`,`date`,`weight`,`note`,`after_eating`,`user_id`) VALUES 
 (1057,47,'2007-07-23 15:05:36',16.3,'','y',13),
 (1058,49,'2007-07-23 15:06:37',16.1,'','y',13),
 (1059,39,'2007-07-23 15:12:00',19.7,'','y',8),
 (1060,38,'2007-07-23 15:17:00',18.2,'','y',8),
 (1061,40,'2007-07-23 15:17:00',19,'','y',8),
 (1062,4,'2007-07-23 15:19:00',14.4,'','y',8),
 (1063,41,'2007-07-23 15:21:00',18.2,'','y',8),
 (1064,42,'2007-07-23 15:24:00',11.4,'','n',8),
 (1065,33,'2007-07-23 15:29:00',20.1,'','y',8),
 (1066,44,'2007-07-23 15:33:00',16.5,'','y',8),
 (1067,65,'2007-07-23 15:40:16',10,'fed worms by hand','n',8),
 (1068,63,'2007-07-23 15:40:50',9.4,'fed worms by hand','n',8),
 (1069,46,'2007-07-23 15:48:27',12.3,'bt','n',8),
 (1070,50,'2007-07-23 15:48:38',12.4,'bt','n',8),
 (1071,27,'2007-07-23 16:08:32',17.4,'','n',9),
 (1072,59,'2007-07-23 16:11:37',20.6,'','n',9),
 (1073,60,'2007-07-23 16:12:47',16.1,'','n',9),
 (1074,28,'2007-07-23 16:17:01',18.9,'','n',9),
 (1075,55,'2007-07-23 16:41:12',13.4,'','n',2),
 (1076,79,'2007-07-23 16:41:29',11.4,'','n',2);
INSERT INTO `weights` (`id`,`bat_id`,`date`,`weight`,`note`,`after_eating`,`user_id`) VALUES 
 (1077,17,'2007-07-23 16:48:22',12.6,'','n',2),
 (1078,52,'2007-07-24 10:19:14',13.1,'','n',11),
 (1079,53,'2007-07-24 10:20:04',14.8,'','n',11),
 (1080,74,'2007-07-24 10:20:54',12.6,'','n',11),
 (1081,62,'2007-07-24 12:58:16',10.9,'','n',3),
 (1082,51,'2007-07-24 12:59:18',19.2,'','n',3),
 (1083,65,'2007-07-24 13:00:45',10.2,'','n',3),
 (1084,63,'2007-07-24 13:02:03',9.2,'','n',3),
 (1085,48,'2007-07-24 13:03:15',16.1,'','n',3),
 (1086,23,'2007-07-24 13:21:22',15.4,'might need to move if weight lower','y',3),
 (1087,29,'2007-07-24 13:24:40',16,'brushed teeth','y',3),
 (1088,35,'2007-07-24 13:26:24',22.6,'brushed teeth','y',3),
 (1089,32,'2007-07-24 13:28:07',18.9,'brushed teeth','y',3),
 (1090,31,'2007-07-24 13:29:56',17.9,'brushed teeth','y',3),
 (1091,24,'2007-07-24 13:31:30',22.9,'brushed teeth','y',3),
 (1092,3,'2007-07-24 13:32:09',12.3,'','n',13),
 (1093,54,'2007-07-24 13:32:24',12.6,'','n',13),
 (1094,26,'2007-07-24 13:32:59',15.9,'might need to move if weight lower. Brushed teeth.','y',3);
INSERT INTO `weights` (`id`,`bat_id`,`date`,`weight`,`note`,`after_eating`,`user_id`) VALUES 
 (1095,25,'2007-07-24 13:34:34',15.2,'brushed teeth','y',3),
 (1096,38,'2007-07-24 13:39:00',18.9,'','y',3),
 (1097,40,'2007-07-24 13:41:00',18.5,'','y',3),
 (1098,39,'2007-07-24 13:43:00',19.9,'obese!','y',3),
 (1099,4,'2007-07-24 13:45:00',14.7,'','y',3),
 (1100,41,'2007-07-24 13:46:00',18,'','n',3),
 (1101,42,'2007-07-24 13:49:00',11.4,'','n',3),
 (1102,43,'2007-07-24 13:52:00',12,'fed separately.','y',3),
 (1103,33,'2007-07-24 13:55:00',19.8,'obese! ','n',3),
 (1104,44,'2007-07-24 14:01:00',16.4,'','y',3),
 (1105,37,'2007-07-24 14:04:42',6.2,'while eating, not quite done.','n',3),
 (1106,47,'2007-07-24 14:34:03',15.4,'','n',11),
 (1107,79,'2007-07-24 15:17:46',14.2,'','n',11),
 (1108,49,'2007-07-24 15:18:01',14.7,'','n',11),
 (1109,15,'2007-07-24 15:48:40',13.7,'brushed teeth','y',2),
 (1110,17,'2007-07-24 16:02:17',12.5,'','n',2),
 (1111,57,'2007-07-25 09:56:35',13.5,'bt','n',6),
 (1112,56,'2007-07-25 10:02:31',15,'bt','n',6),
 (1113,45,'2007-07-25 10:04:53',12.5,'bt, mite eggs','n',6);
INSERT INTO `weights` (`id`,`bat_id`,`date`,`weight`,`note`,`after_eating`,`user_id`) VALUES 
 (1114,74,'2007-07-25 10:10:18',12,'','n',11),
 (1115,52,'2007-07-25 10:10:24',13.1,'','n',11),
 (1116,53,'2007-07-25 10:10:30',14.7,'','n',11),
 (1117,55,'2007-07-25 10:13:30',14.3,'bt','n',6),
 (1118,62,'2007-07-25 14:02:25',11.7,'fed separately. eat from dish','n',13),
 (1119,65,'2007-07-25 10:33:58',10.5,'fed separately. eat from dish','n',6),
 (1120,63,'2007-07-25 10:31:39',9.6,'fed separately.','n',6),
 (1121,38,'2007-07-25 10:47:00',16.8,'','n',6),
 (1122,40,'2007-07-25 10:49:00',17.4,'tropical antibiotics','n',6),
 (1123,39,'2007-07-25 10:54:00',19.1,'','n',6),
 (1124,4,'2007-07-25 10:57:00',13.5,'','n',6),
 (1125,41,'2007-07-25 10:59:00',16.6,'','n',6),
 (1126,42,'2007-07-25 11:02:00',11.7,'','n',6),
 (1127,43,'2007-07-25 11:06:00',12.3,'drained','n',6),
 (1128,44,'2007-07-25 11:13:00',15.1,'','n',6),
 (1129,54,'2007-07-25 13:32:51',12.7,'','n',13),
 (1130,3,'2007-07-25 13:32:57',12.2,'','n',13),
 (1132,49,'2007-07-25 14:01:55',15.1,'','n',13);
INSERT INTO `weights` (`id`,`bat_id`,`date`,`weight`,`note`,`after_eating`,`user_id`) VALUES 
 (1133,79,'2007-07-25 15:42:53',15.1,'','y',3),
 (1134,46,'2007-07-25 16:00:54',11.8,'','n',2),
 (1135,50,'2007-07-25 16:01:02',12.4,'','n',2),
 (1136,60,'2007-07-25 16:46:02',16.1,'','n',9),
 (1137,28,'2007-07-25 16:46:20',18.7,'','n',9),
 (1138,59,'2007-07-25 16:48:08',20.3,'','n',9),
 (1139,27,'2007-07-25 16:49:15',17.8,'','n',9),
 (1140,17,'2007-07-25 17:02:43',12.5,'','n',2),
 (1141,16,'2007-07-25 17:31:37',14,'','n',2),
 (1142,74,'2007-07-26 10:06:24',12.3,'','n',11),
 (1143,52,'2007-07-26 10:07:32',13.1,'','n',11),
 (1144,53,'2007-07-26 10:08:39',15,'','n',11),
 (1145,46,'2007-07-26 17:11:23',12.1,'bt','n',2),
 (1146,50,'2007-07-26 17:11:32',12.1,'bt','n',2),
 (1147,3,'2007-07-26 14:05:15',12.4,'','n',13),
 (1148,62,'2007-07-26 14:05:54',10.9,'','n',13),
 (1149,14,'2007-07-26 14:19:35',16.1,'','y',2),
 (1150,13,'2007-07-26 14:25:41',17.2,'face looks slightly swollen, might be developing a problem','y',2),
 (1151,12,'2007-07-26 14:27:25',21.2,'','y',2);
INSERT INTO `weights` (`id`,`bat_id`,`date`,`weight`,`note`,`after_eating`,`user_id`) VALUES 
 (1152,20,'2007-07-26 14:29:13',20.6,'','y',2),
 (1153,36,'2007-07-26 14:32:33',16.5,'','y',2),
 (1154,8,'2007-07-26 14:34:13',20.8,'','y',2),
 (1155,34,'2007-07-26 14:36:01',17.7,'','y',2),
 (1156,22,'2007-07-26 14:37:39',23.9,'','y',2),
 (1157,21,'2007-07-26 14:43:53',18,'','y',2),
 (1158,19,'2007-07-26 14:47:32',20.6,'face slightly swollen','y',2),
 (1159,6,'2007-07-26 14:49:41',17.7,'','y',2),
 (1160,5,'2007-07-26 14:51:40',18.5,'','y',2),
 (1161,40,'2007-07-26 14:57:00',18.3,'','y',2),
 (1162,39,'2007-07-26 15:00:00',20.2,'','y',2),
 (1163,38,'2007-07-26 15:02:00',18.3,'','y',2),
 (1164,41,'2007-07-26 15:05:00',18.7,'','y',2),
 (1165,4,'2007-07-26 15:11:00',15.7,'','y',2),
 (1166,42,'2007-07-26 15:15:00',11.2,'','n',2),
 (1167,43,'2007-07-26 15:17:00',12.8,'','n',2),
 (1168,44,'2007-07-26 15:20:00',16.6,'','y',2),
 (1169,17,'2007-07-26 17:02:21',12.6,'mites! bt','n',2),
 (1170,16,'2007-07-26 17:05:32',13.8,'bt','n',2),
 (1171,47,'2007-07-27 12:20:13',14.5,'','n',13);
INSERT INTO `weights` (`id`,`bat_id`,`date`,`weight`,`note`,`after_eating`,`user_id`) VALUES 
 (1172,62,'2007-07-27 12:20:32',11,'','n',13),
 (1173,80,'2007-07-27 12:48:00',17.1,'don\'t know correct number for the bat','n',6),
 (1174,55,'2007-07-27 14:07:11',15.2,'','n',2),
 (1175,79,'2007-07-27 14:07:29',12.5,'','n',2),
 (1176,17,'2007-07-27 14:45:30',12.8,'','n',2),
 (1177,16,'2007-07-27 15:14:51',13.9,'','n',13),
 (1178,37,'2007-07-27 15:59:31',6.7,'','y',8),
 (1179,10,'2007-07-27 16:01:27',13.7,'','y',8),
 (1180,1,'2007-07-27 16:02:06',14.9,'','y',8),
 (1181,9,'2007-07-27 16:02:48',14.4,'','y',8),
 (1182,40,'2007-07-27 16:09:00',18.6,'','y',8),
 (1183,39,'2007-07-27 16:10:39',19.7,'','y',8),
 (1184,38,'2007-07-27 16:11:00',17.6,'','y',8),
 (1185,4,'2007-07-27 16:14:21',15.3,'','y',8),
 (1186,41,'2007-07-27 16:14:55',18.7,'','y',8),
 (1187,42,'2007-07-27 16:16:00',11.5,'','n',8),
 (1188,43,'2007-07-27 16:20:00',12.9,'losing weight?','y',8),
 (1189,44,'2007-07-27 16:24:00',16.9,'','y',8),
 (1190,67,'2007-07-27 16:26:05',19.6,'','y',8);
INSERT INTO `weights` (`id`,`bat_id`,`date`,`weight`,`note`,`after_eating`,`user_id`) VALUES 
 (1191,46,'2007-07-27 16:28:30',12.7,'','n',2),
 (1192,50,'2007-07-27 16:28:36',12.6,'','n',2),
 (1193,29,'2007-07-27 16:48:37',16.1,'','y',8),
 (1194,24,'2007-07-27 16:49:51',22.9,'','y',8),
 (1195,32,'2007-07-27 16:50:56',19.4,'','y',8),
 (1196,31,'2007-07-27 16:51:42',18.4,'','y',8),
 (1197,26,'2007-07-27 16:52:21',16.5,'','y',8),
 (1198,23,'2007-07-27 16:55:44',14.4,'did he get any worms? fed extra','n',8),
 (1199,35,'2007-07-27 16:56:16',21.9,'','y',8),
 (1200,25,'2007-07-27 16:57:01',15.1,'','y',8),
 (1201,33,'2007-07-27 16:57:54',17.3,'','y',8),
 (1202,48,'2007-07-27 17:17:44',14.9,'','n',2),
 (1203,51,'2007-07-27 17:22:06',18.5,'','n',2),
 (1204,63,'2007-07-27 17:24:33',10.8,'','y',2),
 (1205,65,'2007-07-27 17:27:02',11.7,'','y',2),
 (1206,40,'2007-07-28 14:47:00',17.1,'','n',7),
 (1207,43,'2007-07-28 14:54:00',12.2,'','n',7),
 (1208,40,'2007-07-29 08:49:00',17.6,'','n',7),
 (1209,43,'2007-07-29 08:51:00',12.3,'','n',7),
 (1210,52,'2007-07-30 10:10:14',13,'','n',11);
INSERT INTO `weights` (`id`,`bat_id`,`date`,`weight`,`note`,`after_eating`,`user_id`) VALUES 
 (1211,53,'2007-07-30 10:12:09',14.3,'','n',11),
 (1212,1,'2007-07-30 12:30:20',13.4,'','n',8),
 (1213,10,'2007-07-30 12:30:52',12,'','n',8),
 (1214,9,'2007-07-30 12:31:26',12.2,'','n',8),
 (1215,19,'2007-07-30 12:35:17',17.3,'','n',8),
 (1216,21,'2007-07-30 12:36:26',17.3,'','n',8),
 (1217,5,'2007-07-30 12:37:38',16.4,'','n',8),
 (1218,6,'2007-07-30 12:38:54',14.9,'','n',8),
 (1219,34,'2007-07-30 12:43:23',15.6,'','n',8),
 (1220,36,'2007-07-30 12:45:49',15.7,'','n',8),
 (1221,13,'2007-07-30 12:46:36',15.2,'','n',8),
 (1222,14,'2007-07-30 12:47:23',15.6,'','n',8),
 (1223,22,'2007-07-30 12:48:37',22.1,'','n',8),
 (1224,12,'2007-07-30 12:49:26',20.1,'','n',8),
 (1225,20,'2007-07-30 12:50:00',19.4,'','n',8),
 (1226,8,'2007-07-30 12:50:35',20.6,'','n',8),
 (1227,3,'2007-07-30 14:13:44',12.5,'','n',11),
 (1228,54,'2007-07-30 14:13:50',13.6,'','n',11),
 (1229,46,'2007-07-30 14:33:15',12.8,'','n',2),
 (1230,50,'2007-07-30 14:33:22',12.3,'','n',2);
INSERT INTO `weights` (`id`,`bat_id`,`date`,`weight`,`note`,`after_eating`,`user_id`) VALUES 
 (1231,38,'2007-07-30 14:42:39',16.8,'','n',8),
 (1232,40,'2007-07-30 14:42:24',19.1,'','y',8),
 (1233,39,'2007-07-30 14:47:00',19.8,'','y',8),
 (1234,4,'2007-07-30 14:48:00',15.3,'','y',8),
 (1235,41,'2007-07-30 14:49:00',18.6,'','y',8),
 (1236,42,'2007-07-30 14:49:00',11.4,'','n',8),
 (1237,43,'2007-07-30 14:57:00',12.6,'','y',8),
 (1238,44,'2007-07-30 15:02:00',17,'','y',8),
 (1239,67,'2007-07-30 15:03:00',20.4,'','y',8),
 (1240,80,'2007-07-30 15:15:00',16.8,'','n',8),
 (1241,15,'2007-07-30 16:25:45',13.3,'chest is missing some hair','n',1),
 (1242,62,'2007-07-30 17:17:17',11.2,'flew a lot during experiment; weight after eating = 13.6g (ate from dish alone)','n',5),
 (1243,63,'2007-07-30 17:17:43',9.8,'can eat from a dish, but still needs some help; weight after eating = 10.9 (was hand-fed some worms)','n',5),
 (1244,65,'2007-07-30 17:18:22',10.9,'weight after eating = 12.4 (ate from dish alone)','n',5),
 (1245,47,'2007-07-30 16:42:36',14.7,'','n',1);
INSERT INTO `weights` (`id`,`bat_id`,`date`,`weight`,`note`,`after_eating`,`user_id`) VALUES 
 (1246,56,'2007-07-30 16:43:02',17.2,'','y',5),
 (1247,57,'2007-07-30 16:43:12',16.1,'','y',5),
 (1248,79,'2007-07-30 16:43:38',12.6,'','n',5),
 (1249,49,'2007-07-30 16:45:05',14.9,'','n',5),
 (1250,17,'2007-07-30 17:10:23',12.4,'','n',1),
 (1251,74,'2007-07-30 17:27:03',12.4,'keep an eye on right eye (fed in dish)','n',1),
 (1252,16,'2007-07-30 17:32:12',13.9,'','n',1),
 (1253,74,'2007-07-31 10:13:06',13.3,'','n',11),
 (1254,52,'2007-07-31 10:14:41',12.7,'','n',11),
 (1255,53,'2007-07-31 10:16:11',14.3,'','n',11),
 (1256,37,'2007-07-31 11:59:14',5.6,'','n',8),
 (1257,29,'2007-07-31 12:13:58',15.8,'','n',8),
 (1258,35,'2007-07-31 12:23:00',19.4,'face VERY swollen!!','n',8),
 (1259,23,'2007-07-31 12:25:39',12.8,'','n',8),
 (1260,32,'2007-07-31 12:31:23',18.4,'','n',8),
 (1261,24,'2007-07-31 12:32:02',22.3,'','n',8),
 (1262,31,'2007-07-31 12:32:37',17.6,'','n',8),
 (1263,25,'2007-07-31 12:33:14',14.8,'','n',8),
 (1264,26,'2007-07-31 12:34:20',15.2,'','n',8);
INSERT INTO `weights` (`id`,`bat_id`,`date`,`weight`,`note`,`after_eating`,`user_id`) VALUES 
 (1265,33,'2007-07-31 12:35:45',15.6,'','n',8),
 (1266,43,'2007-07-31 12:38:00',11.9,'','n',8),
 (1267,38,'2007-07-31 12:46:00',16.2,'','n',8),
 (1268,40,'2007-07-31 12:47:00',17.5,'','n',8),
 (1269,39,'2007-07-31 12:48:00',18.8,'','n',8),
 (1270,4,'2007-07-31 12:49:00',13.8,'','n',8),
 (1271,41,'2007-07-31 12:50:00',16.8,'','n',8),
 (1272,42,'2007-07-31 12:52:00',11.4,'','n',8),
 (1273,44,'2007-07-31 12:54:00',15,'','n',8),
 (1274,67,'2007-07-31 12:55:00',18.9,'','n',8),
 (1275,80,'2007-07-31 14:07:00',16.2,'','n',1),
 (1276,55,'2007-07-31 15:04:25',13.9,'flown in experiment','n',5),
 (1277,45,'2007-07-31 15:04:34',12.1,'','n',5),
 (1278,3,'2007-07-31 15:05:47',12.4,'flown in experiment','n',5),
 (1279,54,'2007-07-31 15:07:39',13.3,'','n',5),
 (1280,62,'2007-07-31 18:35:34',11.6,'started buzzing at, knocking down mealworm :o); 13.4 g after eating','n',5),
 (1281,49,'2007-07-31 15:35:12',14.8,'','n',11),
 (1282,46,'2007-07-31 15:47:56',12.5,'','n',2);
INSERT INTO `weights` (`id`,`bat_id`,`date`,`weight`,`note`,`after_eating`,`user_id`) VALUES 
 (1283,50,'2007-07-31 15:48:03',12.6,'','n',2),
 (1284,15,'2007-07-31 16:35:02',13,'','n',1),
 (1285,47,'2007-07-31 16:46:49',14.9,'','n',1),
 (1286,17,'2007-07-31 17:03:05',12.4,'','n',1),
 (1287,48,'2007-07-31 18:33:08',14.7,'','n',5),
 (1288,51,'2007-07-31 18:33:15',17.8,'','n',5),
 (1289,63,'2007-07-31 18:34:50',9.9,'11.3 g after eating; still needs some help eating; flew pretty well in flight room (could turn, rise, etc.)','n',5),
 (1290,65,'2007-07-31 18:35:17',10.9,'12.4 after eating; flew fairly well in flight room','n',5),
 (1291,16,'2007-07-31 18:44:11',13.9,'','n',1),
 (1292,15,'2007-08-01 10:02:00',13.3,'6 worm left from yersterday','n',3),
 (1293,28,'2007-08-01 11:21:12',19.1,'','n',9),
 (1294,60,'2007-08-01 11:22:42',16.4,'','n',9),
 (1295,59,'2007-08-01 11:23:46',21,'','n',9),
 (1296,27,'2007-08-01 11:24:59',19.1,'','n',9),
 (1297,15,'2007-08-01 12:23:38',13.5,'','n',1),
 (1298,56,'2007-08-01 13:23:27',15.8,'','n',5),
 (1299,55,'2007-08-01 13:25:08',13.9,'','n',5);
INSERT INTO `weights` (`id`,`bat_id`,`date`,`weight`,`note`,`after_eating`,`user_id`) VALUES 
 (1300,45,'2007-08-01 13:25:16',13,'','n',5),
 (1301,53,'2007-08-01 13:25:49',14.3,'','n',5),
 (1302,62,'2007-08-01 17:16:04',11.8,'13g after eating','n',5),
 (1303,63,'2007-08-01 17:15:30',10.5,'starting flying in exp. today (control bat); 11.8g after eating','n',5),
 (1304,65,'2007-08-01 17:12:08',11.6,'started flying in exp. today (experimental bat); 12.6 after eating','n',5),
 (1305,79,'2007-08-01 13:27:51',12.9,'','n',5),
 (1306,46,'2007-08-01 14:38:47',12.6,'','n',2),
 (1307,50,'2007-08-01 14:38:57',12.8,'','n',2),
 (1308,35,'2007-08-01 15:44:00',19.9,'','n',2),
 (1309,38,'2007-08-01 16:00:00',16.8,'','y',2),
 (1310,40,'2007-08-01 16:03:00',18.6,'','y',2),
 (1311,39,'2007-08-01 16:07:00',19.8,'','y',2),
 (1312,4,'2007-08-01 16:09:00',15.5,'','y',2),
 (1313,41,'2007-08-01 16:11:00',17.3,'','y',2),
 (1314,42,'2007-08-01 16:15:00',11.3,'','n',2),
 (1315,43,'2007-08-01 16:20:00',12.6,'','y',2),
 (1316,67,'2007-08-01 16:37:00',21,'','y',2);
INSERT INTO `weights` (`id`,`bat_id`,`date`,`weight`,`note`,`after_eating`,`user_id`) VALUES 
 (1317,44,'2007-08-01 16:39:00',16.4,'','y',2),
 (1318,47,'2007-08-01 16:46:40',14.9,'','n',1),
 (1319,80,'2007-08-01 16:50:00',17.2,'','y',2),
 (1320,3,'2007-08-01 16:58:39',12,'fed in dish today (not flown)','n',5),
 (1321,54,'2007-08-01 16:59:21',13,'','n',5),
 (1322,17,'2007-08-01 17:37:06',12.6,'','n',1),
 (1323,16,'2007-08-01 17:37:16',13.9,'','n',1),
 (1324,15,'2007-08-01 18:36:00',14.1,'','y',2),
 (1325,15,'2007-08-02 07:59:00',13.6,'','n',3),
 (1326,15,'2007-08-02 12:35:52',13.9,'','n',1),
 (1327,52,'2007-08-02 13:07:04',12.5,'','n',11),
 (1328,74,'2007-08-02 13:09:02',12.9,'','n',11),
 (1329,3,'2007-08-02 14:38:35',12.7,'','n',5),
 (1330,79,'2007-08-02 14:39:07',13.5,'','n',5),
 (1331,62,'2007-08-02 14:39:27',12.3,'','n',5),
 (1332,63,'2007-08-02 14:39:41',10.8,'','n',5),
 (1333,65,'2007-08-02 14:39:50',11.4,'','n',5),
 (1334,49,'2007-08-02 14:40:12',15,'','n',5),
 (1335,62,'2007-08-02 16:28:00',13.1,'I put her in before the mom\'s had finished eating and she stole worms','n',2),
 (1336,65,'2007-08-02 16:25:33',12.4,'','y',2);
INSERT INTO `weights` (`id`,`bat_id`,`date`,`weight`,`note`,`after_eating`,`user_id`) VALUES 
 (1337,63,'2007-08-02 16:26:53',11.8,'','y',2),
 (1338,48,'2007-08-02 16:31:08',15.9,'','y',2),
 (1339,51,'2007-08-02 16:33:27',17.6,'','y',2),
 (1340,12,'2007-08-02 16:49:29',20.6,'','y',2),
 (1341,34,'2007-08-02 16:50:49',17.1,'','y',2),
 (1342,22,'2007-08-02 16:52:15',23.6,'','y',2),
 (1343,14,'2007-08-02 16:53:28',15.9,'','y',2),
 (1344,8,'2007-08-02 16:55:13',21.6,'some fur loss on back and neck','n',2),
 (1345,13,'2007-08-02 16:57:30',16.5,'','y',2),
 (1346,36,'2007-08-02 16:58:41',16,'','y',2),
 (1347,20,'2007-08-02 17:00:35',19.9,'','y',2),
 (1348,21,'2007-08-02 17:08:21',17.9,'','y',2),
 (1349,19,'2007-08-02 17:10:14',17.9,'small scab on right wing','y',2),
 (1350,6,'2007-08-02 17:12:00',16.4,'','y',2),
 (1351,5,'2007-08-02 17:14:48',17.8,'','y',2),
 (1352,23,'2007-08-02 17:15:43',14.6,'','y',2),
 (1353,17,'2007-08-02 17:24:53',12.4,'','n',1),
 (1354,35,'2007-08-02 17:25:00',18.8,'drained area around eye and on top of muzzle','y',2),
 (1355,38,'2007-08-02 17:35:00',16.6,'','y',2);
INSERT INTO `weights` (`id`,`bat_id`,`date`,`weight`,`note`,`after_eating`,`user_id`) VALUES 
 (1356,40,'2007-08-02 17:36:00',18.3,' fur growing over surgery site','y',2),
 (1357,39,'2007-08-02 17:37:00',19.4,'bald patch on upper back','y',2),
 (1358,41,'2007-08-02 17:39:00',17,'','y',2),
 (1359,4,'2007-08-02 17:40:00',15.4,'','y',2),
 (1360,42,'2007-08-02 17:41:00',12.8,'gave a little Nutri-Cal','y',2),
 (1361,43,'2007-08-02 17:45:00',12.1,'drained (little pus, mostly blood), medicated, and given Nutri-Cal','y',2),
 (1362,44,'2007-08-02 17:53:00',16.1,'','y',2),
 (1363,67,'2007-08-02 17:54:00',20.8,'','y',2),
 (1365,80,'2007-08-02 18:18:57',18.9,'','y',2),
 (1366,15,'2007-08-02 18:40:00',14.8,'','y',1),
 (1367,16,'2007-08-02 19:10:05',13.9,'','n',1),
 (1368,35,'2007-08-03 06:52:00',18.2,'','n',3),
 (1369,46,'2007-08-03 14:15:32',13.4,'','n',2),
 (1370,50,'2007-08-03 14:15:39',12.1,'','n',2),
 (1371,31,'2007-08-03 14:40:28',16.7,'','n',9),
 (1372,47,'2007-08-03 14:57:29',14.7,'','n',1),
 (1373,39,'2007-08-03 15:18:00',18.8,'','y',2);
INSERT INTO `weights` (`id`,`bat_id`,`date`,`weight`,`note`,`after_eating`,`user_id`) VALUES 
 (1374,40,'2007-08-03 15:20:00',17,'','y',2),
 (1375,38,'2007-08-03 15:22:00',16,'','y',2),
 (1376,4,'2007-08-03 15:24:00',13.9,'','y',2),
 (1377,41,'2007-08-03 15:25:00',15.7,'','y',2),
 (1378,42,'2007-08-03 15:27:00',11.3,'','n',2),
 (1379,53,'2007-08-03 15:28:13',14.1,'','n',5),
 (1380,54,'2007-08-03 15:28:22',13.5,'','n',5),
 (1381,3,'2007-08-03 15:28:33',12.5,'','n',5),
 (1382,55,'2007-08-03 15:29:07',14,'','n',5),
 (1383,57,'2007-08-03 15:29:32',14.4,'','n',5),
 (1384,62,'2007-08-03 15:29:56',12.4,'','n',5),
 (1385,63,'2007-08-03 15:30:19',11,'','n',5),
 (1386,65,'2007-08-03 15:30:31',11.5,'','n',5),
 (1387,79,'2007-08-03 15:31:07',13.3,'','n',5),
 (1388,43,'2007-08-03 15:33:00',11.4,'','n',2),
 (1389,35,'2007-08-03 15:37:00',18,'','n',2),
 (1390,67,'2007-08-03 15:39:00',19.1,'','n',2),
 (1391,44,'2007-08-03 15:40:00',14.8,'','n',2),
 (1392,16,'2007-08-03 16:21:15',13.9,'','n',1),
 (1393,26,'2007-08-03 16:25:59',14.9,'','n',2),
 (1394,32,'2007-08-03 16:27:02',18.9,'','n',2);
INSERT INTO `weights` (`id`,`bat_id`,`date`,`weight`,`note`,`after_eating`,`user_id`) VALUES 
 (1395,24,'2007-08-03 16:27:59',21.8,'','n',2),
 (1396,25,'2007-08-03 16:28:48',14.4,'','n',2),
 (1397,29,'2007-08-03 16:30:01',15.5,'','n',2),
 (1398,33,'2007-08-03 16:30:30',16.2,'','n',2),
 (1399,37,'2007-08-03 16:33:39',5.5,'','n',2),
 (1400,9,'2007-08-03 16:35:06',11.5,'','n',2),
 (1401,10,'2007-08-03 16:36:01',11.3,'','n',2),
 (1402,1,'2007-08-03 16:36:38',13,'','n',2),
 (1403,62,'2007-08-03 16:36:00',13.4,'','y',5),
 (1404,65,'2007-08-03 16:37:00',12.7,'','y',5),
 (1405,63,'2007-08-03 16:37:00',12.1,'','y',5),
 (1406,35,'2007-08-04 12:28:00',19,'','y',7),
 (1407,43,'2007-08-04 11:09:00',11.5,'','n',7),
 (1408,40,'2007-08-04 11:14:00',17.5,'','n',7),
 (1410,35,'2007-08-05 09:47:00',19,'','y',7),
 (1411,40,'2007-08-05 08:49:00',17.4,'','n',7),
 (1412,43,'2007-08-05 08:52:00',11.5,'','n',7),
 (1413,35,'2007-08-06 10:48:00',17.8,'','n',2),
 (1414,53,'2007-08-06 11:00:53',13.8,'','n',2),
 (1415,50,'2007-08-06 14:02:16',12.2,'','n',2),
 (1416,46,'2007-08-06 14:02:24',12.9,'','n',2);
INSERT INTO `weights` (`id`,`bat_id`,`date`,`weight`,`note`,`after_eating`,`user_id`) VALUES 
 (1417,34,'2007-08-06 15:33:56',16.7,'bt','y',2),
 (1418,13,'2007-08-06 15:39:51',15.7,'bt','y',2),
 (1419,8,'2007-08-06 15:41:46',21.7,'bt','y',2),
 (1421,22,'2007-08-06 15:49:52',24,'bt fat bat!','y',2),
 (1423,12,'2007-08-06 19:20:00',20.8,'bt','n',1),
 (1424,36,'2007-08-06 16:11:16',16.4,'bt','y',2),
 (1425,19,'2007-08-06 16:53:00',17.8,'still has scab, applied topical ointment, bt','n',2),
 (1426,5,'2007-08-06 16:22:02',18.3,'bt','y',2),
 (1427,21,'2007-08-06 16:23:34',17.7,'bt','y',2),
 (1428,6,'2007-08-06 16:25:38',16.8,'bt','y',2),
 (1429,23,'2007-08-06 16:44:37',14.4,'','n',2),
 (1430,1,'2007-08-06 16:59:33',14.2,'bt','y',2),
 (1431,10,'2007-08-06 17:01:01',13.9,'bt','y',2),
 (1432,62,'2007-08-06 17:09:31',12.3,'','n',5),
 (1433,63,'2007-08-06 17:09:43',10.1,'','n',5),
 (1434,65,'2007-08-06 17:10:10',11,'','n',5),
 (1435,31,'2007-08-06 17:10:33',17.4,'','n',9),
 (1436,79,'2007-08-06 17:13:44',12.5,'','n',5),
 (1437,56,'2007-08-06 17:14:04',16.1,'','n',5);
INSERT INTO `weights` (`id`,`bat_id`,`date`,`weight`,`note`,`after_eating`,`user_id`) VALUES 
 (1438,55,'2007-08-06 17:14:29',13.9,'','n',5),
 (1439,47,'2007-08-06 17:28:00',14.2,'','n',1),
 (1440,65,'2007-08-06 17:30:00',12.4,'a few white mites','y',5),
 (1441,63,'2007-08-06 17:32:00',11.3,'a few white mites; keep an eye on weight','y',5),
 (1442,62,'2007-08-06 17:34:00',13.4,'possibly a few white mites (not many)','y',5),
 (1443,17,'2007-08-06 18:31:09',12.1,'','n',1),
 (1444,16,'2007-08-06 18:54:23',13.8,'','n',1),
 (1445,35,'2007-08-06 19:16:00',18.2,'','y',1),
 (1446,43,'2007-08-06 19:21:00',11.8,'','y',1),
 (1447,62,'2007-08-07 11:49:45',12.5,'','n',5),
 (1448,63,'2007-08-07 11:50:08',10.4,'','n',5),
 (1449,65,'2007-08-07 11:50:24',11.3,'','n',5),
 (1450,79,'2007-08-07 11:50:40',12.7,'','n',5),
 (1451,53,'2007-08-07 11:51:25',13.9,'','n',5),
 (1452,54,'2007-08-07 11:51:33',13.6,'','n',5),
 (1453,3,'2007-08-07 11:51:42',12.3,'','n',5),
 (1454,49,'2007-08-07 11:51:59',14.4,'','n',5),
 (1455,56,'2007-08-07 11:52:29',16.2,'','n',5);
INSERT INTO `weights` (`id`,`bat_id`,`date`,`weight`,`note`,`after_eating`,`user_id`) VALUES 
 (1456,57,'2007-08-07 11:52:39',14.2,'','n',5),
 (1457,46,'2007-08-07 13:39:03',12.6,'','n',2),
 (1458,50,'2007-08-07 13:39:10',12.2,'','n',2),
 (1459,37,'2007-08-07 15:41:04',6.8,'','y',8),
 (1460,29,'2007-08-07 15:44:44',16.9,'','y',8),
 (1461,33,'2007-08-07 15:45:43',18.5,'','y',8),
 (1462,32,'2007-08-07 15:46:42',20.2,'','y',8),
 (1463,25,'2007-08-07 15:47:19',15.5,'','y',8),
 (1464,26,'2007-08-07 15:47:53',15.4,'','y',8),
 (1465,24,'2007-08-07 15:48:32',23,'','y',8),
 (1466,38,'2007-08-07 15:54:00',16.5,'','y',8),
 (1467,39,'2007-08-07 15:55:00',19.4,'','y',8),
 (1468,12,'2007-08-07 15:56:00',20.1,'','y',8),
 (1469,40,'2007-08-07 15:57:00',18.4,'','y',8),
 (1470,4,'2007-08-07 15:58:00',15.8,'','y',8),
 (1471,41,'2007-08-07 15:59:00',17.4,'','y',8),
 (1472,42,'2007-08-07 16:00:00',11.1,'','n',8),
 (1473,43,'2007-08-07 16:02:00',11.7,'','y',8),
 (1474,44,'2007-08-07 16:12:00',15.8,'','n',8),
 (1475,67,'2007-08-07 16:13:00',20.8,'','y',8);
INSERT INTO `weights` (`id`,`bat_id`,`date`,`weight`,`note`,`after_eating`,`user_id`) VALUES 
 (1476,47,'2007-08-07 16:13:33',14.1,'','n',1),
 (1477,19,'2007-08-07 16:14:00',17.4,'','y',8),
 (1478,17,'2007-08-07 16:34:06',12.4,'','n',1),
 (1479,16,'2007-08-07 17:03:59',13.7,'','n',1),
 (1480,65,'2007-08-07 17:24:00',12.4,'','y',5),
 (1481,48,'2007-08-07 17:25:40',15,'','n',5),
 (1482,51,'2007-08-07 17:26:22',16.3,'','n',5),
 (1483,62,'2007-08-07 17:26:00',13.4,'','y',5),
 (1484,63,'2007-08-07 17:27:00',11.6,'','y',5),
 (1485,35,'2007-08-08 12:27:00',17.3,'','n',8),
 (1486,12,'2007-08-08 12:30:00',19.5,'','n',8),
 (1487,40,'2007-08-08 12:32:00',17.1,'','n',8),
 (1488,38,'2007-08-08 12:33:00',15.3,'','n',8),
 (1489,39,'2007-08-08 12:33:00',18.5,'','n',8),
 (1490,4,'2007-08-08 12:35:00',13.7,'','n',8),
 (1491,41,'2007-08-08 12:36:00',16,'','n',8),
 (1492,42,'2007-08-08 12:37:00',11.3,'','n',8),
 (1493,48,'2007-08-08 18:26:22',14.8,'bt; started in sl study today; fed 0.6g','n',5),
 (1494,51,'2007-08-08 18:22:06',16.5,'bt; started in sl study today; fed 0.6g','n',5),
 (1495,62,'2007-08-08 12:43:41',12.2,'','n',5);
INSERT INTO `weights` (`id`,`bat_id`,`date`,`weight`,`note`,`after_eating`,`user_id`) VALUES 
 (1496,63,'2007-08-08 12:43:54',10.4,'','n',5),
 (1497,65,'2007-08-08 12:44:06',11.3,'','n',5),
 (1498,55,'2007-08-08 18:12:47',14.4,'bt; puffy nose?','n',5),
 (1499,45,'2007-08-08 12:44:48',12.2,'','n',5),
 (1500,49,'2007-08-08 12:45:32',14.1,'','n',5),
 (1501,43,'2007-08-08 12:45:35',11.5,'','n',8),
 (1502,79,'2007-08-08 18:15:42',12.6,'bt','n',5),
 (1503,53,'2007-08-08 18:01:14',13.9,'bt; nose looks better, but still some yellow liquid-- continue to monitor','n',5),
 (1504,3,'2007-08-08 18:03:00',11.9,'feed extra today; bt, gums bled slightly; fed waxworm','n',5),
 (1505,67,'2007-08-08 12:51:00',19.6,'','n',8),
 (1506,44,'2007-08-08 12:52:00',14.2,'','n',8),
 (1507,19,'2007-08-08 12:53:00',15.9,'','n',8),
 (1508,47,'2007-08-08 17:57:50',14,'bt','n',1),
 (1509,74,'2007-08-08 17:53:14',13.1,'bt; gums bled some; small bald spot on back; tip of tail looks hurt; applied topical AB','n',5),
 (1510,52,'2007-08-08 17:48:41',12.4,'bt; fed in dish','n',5),
 (1511,17,'2007-08-08 18:38:27',12.5,'bt','n',1);
INSERT INTO `weights` (`id`,`bat_id`,`date`,`weight`,`note`,`after_eating`,`user_id`) VALUES 
 (1512,54,'2007-08-08 17:58:46',13.2,'bt','n',5),
 (1513,57,'2007-08-08 18:08:40',15.2,'bt; nose may be puffy-- monitor','y',5),
 (1514,56,'2007-08-08 18:09:44',17.5,'bt; a few sm mites','y',5),
 (1515,45,'2007-08-08 18:54:26',12.8,'bt; many many mite eggs; fed extra, but teeth very bad-- didn\'t eat much but took some white worms & waxworms','y',5),
 (1516,65,'2007-08-08 18:27:00',12.6,'bt','y',5),
 (1517,63,'2007-08-08 18:28:00',11.7,'bt','y',5),
 (1518,62,'2007-08-08 18:33:00',13.3,'bt','y',5),
 (1519,16,'2007-08-08 19:01:02',13.7,'bt','n',1),
 (1520,35,'2007-08-08 19:03:00',17.9,'','y',1),
 (1521,27,'2007-08-09 10:37:01',18.8,'','n',9),
 (1522,28,'2007-08-09 10:37:51',18.9,'','n',9),
 (1523,60,'2007-08-09 10:39:59',15.3,'','n',9),
 (1524,59,'2007-08-09 10:43:38',21.3,'','n',9),
 (1525,31,'2007-08-09 10:44:00',16,'','n',9),
 (1526,48,'2007-08-09 13:32:58',14.8,'','n',5),
 (1527,51,'2007-08-09 13:33:13',15.7,'','n',5),
 (1528,62,'2007-08-09 13:33:31',12.1,'','n',5);
INSERT INTO `weights` (`id`,`bat_id`,`date`,`weight`,`note`,`after_eating`,`user_id`) VALUES 
 (1529,63,'2007-08-09 13:33:40',10.9,'','n',5),
 (1530,65,'2007-08-09 13:33:50',11.6,'','n',5),
 (1531,53,'2007-08-09 13:35:02',13.9,'','n',5),
 (1532,3,'2007-08-09 13:35:18',12.6,'','n',5),
 (1533,49,'2007-08-09 13:35:59',14.5,'with hat on','n',5),
 (1534,79,'2007-08-09 13:36:38',13.1,'','n',5),
 (1535,46,'2007-08-09 18:35:00',12.1,'bt','n',2),
 (1536,50,'2007-08-09 18:35:10',11.6,'bt','n',2),
 (1537,40,'2007-08-09 15:45:00',19.7,'','y',2),
 (1538,39,'2007-08-09 15:49:00',20.2,'','y',2),
 (1539,38,'2007-08-09 15:53:00',16.5,'','y',2),
 (1540,12,'2007-08-09 15:54:00',19.5,'','y',2),
 (1541,62,'2007-08-09 16:05:00',13.2,'','y',5),
 (1542,63,'2007-08-09 16:05:00',12,'','y',5),
 (1543,65,'2007-08-09 16:05:00',12.8,'','y',5),
 (1544,45,'2007-08-09 16:06:36',12.2,'Irvemectin (sp?) applied to both wings to treat copious amounts of mite eggs','y',5),
 (1545,4,'2007-08-09 16:07:00',15,'','y',2),
 (1546,41,'2007-08-09 16:08:00',17.6,'','y',2),
 (1547,42,'2007-08-09 16:10:00',11,'','n',2);
INSERT INTO `weights` (`id`,`bat_id`,`date`,`weight`,`note`,`after_eating`,`user_id`) VALUES 
 (1548,43,'2007-08-09 16:18:00',11.8,'','y',2),
 (1549,44,'2007-08-09 16:27:00',15.9,'','y',2),
 (1550,67,'2007-08-09 16:29:00',21.6,'','y',2),
 (1551,19,'2007-08-09 16:34:00',18.2,'','y',2),
 (1552,21,'2007-08-09 16:37:31',16.2,'','y',2),
 (1553,6,'2007-08-09 16:38:36',16.7,'','y',2),
 (1554,5,'2007-08-09 16:40:18',17.2,'','y',2),
 (1555,34,'2007-08-09 16:43:30',16.5,'','y',2),
 (1556,14,'2007-08-09 16:44:32',15.3,'','y',2),
 (1557,20,'2007-08-09 16:45:52',19.1,'','y',2),
 (1558,8,'2007-08-09 16:47:43',21,'','y',2),
 (1559,13,'2007-08-09 16:49:18',15.9,'','y',2),
 (1560,36,'2007-08-09 16:50:10',15.9,'','y',2),
 (1561,22,'2007-08-09 16:52:54',23.3,'','y',2),
 (1562,14,'2007-08-06 16:56:00',15.6,'','n',2),
 (1563,20,'2007-08-06 16:56:00',19.7,'','n',2),
 (1564,35,'2007-08-09 17:00:00',18,'','y',2),
 (1565,47,'2007-08-09 17:22:16',14.3,'','n',1),
 (1566,17,'2007-08-09 17:53:46',12.6,'','n',1),
 (1567,16,'2007-08-09 19:11:38',13.5,'','n',1),
 (1568,35,'2007-08-10 10:51:00',17.3,'','n',2);
INSERT INTO `weights` (`id`,`bat_id`,`date`,`weight`,`note`,`after_eating`,`user_id`) VALUES 
 (1569,50,'2007-08-10 13:51:01',11.5,'','n',2),
 (1570,46,'2007-08-10 13:51:10',12.8,'','n',2),
 (1571,31,'2007-08-10 13:59:12',16.2,'','n',9),
 (1572,37,'2007-08-10 15:04:09',5.5,'','n',2),
 (1573,10,'2007-08-10 15:06:59',11.4,'','n',2),
 (1574,1,'2007-08-10 15:08:41',12.3,'','n',2),
 (1575,24,'2007-08-10 15:18:18',21.5,'drained his face','n',2),
 (1576,25,'2007-08-10 15:21:50',14.1,'bt','n',2),
 (1577,26,'2007-08-10 15:30:37',14.3,'bt','n',2),
 (1578,32,'2007-08-10 15:32:54',19.3,'bt','n',2),
 (1579,29,'2007-08-10 15:39:26',15.7,'bt ','n',2),
 (1580,33,'2007-08-10 15:42:11',17.4,'bt','n',2),
 (1581,48,'2007-08-10 17:11:10',14.1,'','n',5),
 (1582,51,'2007-08-10 17:11:24',15.5,'','n',5),
 (1583,62,'2007-08-10 17:11:36',12.2,'','n',5),
 (1584,62,'2007-08-10 17:11:00',13.1,'','y',5),
 (1585,63,'2007-08-10 17:12:32',11.1,'','n',5),
 (1586,63,'2007-08-10 17:12:00',12.1,'','y',5),
 (1587,65,'2007-08-10 17:13:05',11.7,'','n',5),
 (1588,65,'2007-08-10 17:13:00',12.7,'','y',5);
INSERT INTO `weights` (`id`,`bat_id`,`date`,`weight`,`note`,`after_eating`,`user_id`) VALUES 
 (1589,79,'2007-08-10 17:13:58',12.5,'','n',5),
 (1590,49,'2007-08-10 17:14:22',14.6,'\"hat\" still on','n',5),
 (1591,45,'2007-08-10 17:15:47',11.9,'was given some wax worms in cage (with GR61)','n',5),
 (1592,53,'2007-08-10 17:16:14',14.2,'','n',5),
 (1593,3,'2007-08-10 17:16:21',12.5,'','n',5),
 (1594,54,'2007-08-10 17:16:41',14.3,'should probably feed a little less (was getting 1.5 g)','n',5),
 (1595,47,'2007-08-10 17:51:07',14.4,'','n',1),
 (1596,17,'2007-08-10 18:25:12',12.6,'','n',1),
 (1597,16,'2007-08-10 18:53:36',13.7,'','n',1),
 (1598,35,'2007-08-10 19:39:00',17.5,'','n',1),
 (1599,12,'2007-08-10 19:43:00',19.1,'','n',1),
 (1600,39,'2007-08-10 19:50:00',20,'','n',1),
 (1601,38,'2007-08-10 19:51:00',15.9,'','n',1),
 (1602,40,'2007-08-10 19:52:00',19.2,'','n',1),
 (1604,4,'2007-08-10 19:59:16',15,'','y',1),
 (1605,41,'2007-08-10 19:59:00',16.9,'','y',1),
 (1606,42,'2007-08-10 20:00:00',12.5,'','y',1),
 (1607,43,'2007-08-10 20:03:00',11.7,'','y',1);
INSERT INTO `weights` (`id`,`bat_id`,`date`,`weight`,`note`,`after_eating`,`user_id`) VALUES 
 (1608,19,'2007-08-10 20:08:00',17.5,'','y',1),
 (1609,62,'2007-08-11 12:39:01',11.9,'increase food to 1.8g','n',5),
 (1610,51,'2007-08-11 12:39:57',15.2,'','n',5),
 (1611,48,'2007-08-11 12:40:37',14,'','n',5),
 (1612,63,'2007-08-11 12:42:47',10.3,'up food to 2g','n',5),
 (1613,65,'2007-08-11 12:42:36',11.1,'up food to 2g','n',5),
 (1614,79,'2007-08-11 12:46:57',12.7,'','n',5),
 (1615,53,'2007-08-11 12:47:16',14,'','n',5),
 (1616,3,'2007-08-11 12:47:27',12.4,'','n',5),
 (1617,49,'2007-08-11 12:47:47',14.3,'hat still on','n',5),
 (1619,43,'2007-08-11 16:22:00',11.4,'','n',7),
 (1620,35,'2007-08-11 17:14:00',18.3,'','y',7),
 (1621,43,'2007-08-12 09:05:00',11.8,'','n',7),
 (1622,35,'2007-08-12 10:02:00',18.7,'','y',7),
 (1623,62,'2007-08-12 11:45:47',12,'done with sl exp (yesterday)-- buzzed, hit worm, didn\'t catch','n',5),
 (1624,65,'2007-08-12 11:31:54',11.7,'back to 1.8g-- weighed 14.1 after eating yesterday! (didn\'t even finish worms) -- must still be nursing','n',5),
 (1625,51,'2007-08-12 11:40:00',15.1,'fed 1g today; very cranky (always)','n',5);
INSERT INTO `weights` (`id`,`bat_id`,`date`,`weight`,`note`,`after_eating`,`user_id`) VALUES 
 (1626,63,'2007-08-12 11:36:45',9.7,'give 2g again; monitor weight closely','n',5),
 (1627,48,'2007-08-12 11:39:46',13.7,'fed 1g today','n',5),
 (1628,79,'2007-08-12 11:44:28',12.7,'done with sl exp.','n',5),
 (1629,49,'2007-08-12 11:44:59',14.5,'hat still on','n',5),
 (1630,63,'2007-08-12 11:46:00',11.8,'was given 1 waxworm, too; ate all food','y',5),
 (1631,35,'2007-08-13 09:15:00',17.1,'','n',2),
 (1632,50,'2007-08-13 09:30:07',12.8,'gave a little Nutri-Cal','n',2),
 (1633,46,'2007-08-13 09:30:22',13.5,'gave a little Nutri-Cal','n',2),
 (1634,12,'2007-08-13 10:02:57',18.4,'bt','n',6),
 (1635,13,'2007-08-13 10:38:23',14.9,'bt','n',6),
 (1636,14,'2007-08-13 10:38:50',14.8,'bt','n',6),
 (1637,22,'2007-08-13 10:41:00',22.6,'bt','n',6),
 (1638,34,'2007-08-13 10:42:47',15.1,'bt','n',6),
 (1639,20,'2007-08-13 10:44:42',17.9,'bt','n',6),
 (1640,36,'2007-08-13 10:47:59',15.2,'bt','n',6),
 (1641,8,'2007-08-13 10:54:11',19.2,'bt','n',6),
 (1642,19,'2007-08-13 11:02:53',16.5,'bt','n',6);
INSERT INTO `weights` (`id`,`bat_id`,`date`,`weight`,`note`,`after_eating`,`user_id`) VALUES 
 (1643,6,'2007-08-13 11:05:40',15,'bt','n',6),
 (1644,5,'2007-08-13 11:07:39',14.4,'bt','n',6),
 (1645,21,'2007-08-13 11:09:41',15.6,'bt','n',6),
 (1646,1,'2007-08-13 11:16:46',12.9,'bt','n',6),
 (1647,10,'2007-08-13 11:18:27',11.4,'bt','n',6),
 (1648,31,'2007-08-13 11:51:09',15.6,'','n',9),
 (1649,27,'2007-08-13 11:51:30',18.5,'','n',9),
 (1650,28,'2007-08-13 11:52:29',18.6,'','n',9),
 (1651,59,'2007-08-13 11:56:14',22.3,'','n',9),
 (1652,60,'2007-08-13 11:56:24',14.8,'','n',9),
 (1653,53,'2007-08-13 12:02:49',14.4,'','n',5),
 (1654,3,'2007-08-13 12:03:05',12.6,'','n',5),
 (1655,46,'2007-08-13 14:47:59',13.7,'bt','y',2),
 (1656,50,'2007-08-13 14:48:24',13.2,'bt','y',2),
 (1657,47,'2007-08-13 16:38:54',14.3,'','n',1),
 (1658,40,'2007-08-13 16:52:00',18.6,'','y',2),
 (1659,38,'2007-08-13 16:54:00',15.3,'','y',2),
 (1660,39,'2007-08-13 16:54:00',18.8,'','y',2),
 (1661,17,'2007-08-13 17:07:14',12.7,'','n',1),
 (1662,4,'2007-08-13 17:09:00',15.8,'','y',2);
INSERT INTO `weights` (`id`,`bat_id`,`date`,`weight`,`note`,`after_eating`,`user_id`) VALUES 
 (1663,41,'2007-08-13 17:11:00',18.1,'','y',2),
 (1664,42,'2007-08-13 17:13:00',12.1,'','y',2),
 (1665,43,'2007-08-13 17:16:00',13,'','y',2),
 (1666,44,'2007-08-13 17:21:00',16,'','y',2),
 (1667,19,'2007-08-13 17:25:00',17,'','y',2),
 (1668,56,'2007-08-13 17:28:51',18.6,'','y',5),
 (1669,57,'2007-08-13 17:28:59',16,'','y',5),
 (1670,55,'2007-08-13 17:29:09',18.2,'','y',5),
 (1671,45,'2007-08-13 17:29:29',12.2,'','y',5),
 (1672,54,'2007-08-13 17:29:46',13.7,'','n',5),
 (1673,79,'2007-08-13 17:30:04',13.8,'','y',5),
 (1674,35,'2007-08-13 17:29:00',17.3,'','y',2),
 (1675,62,'2007-08-13 17:33:58',11.8,'','n',5),
 (1676,51,'2007-08-13 17:35:47',14.7,'','n',5),
 (1677,48,'2007-08-13 17:37:01',13.6,'','n',5),
 (1678,65,'2007-08-13 17:39:26',11.4,'','n',5),
 (1679,63,'2007-08-13 17:43:24',9.9,'','n',5),
 (1680,52,'2007-08-13 17:53:00',12.8,'','n',5),
 (1681,74,'2007-08-13 17:46:16',15.7,'','y',5),
 (1682,16,'2007-08-13 18:33:58',14.3,'','n',1),
 (1683,65,'2007-08-14 12:46:04',12.2,'','n',2);
INSERT INTO `weights` (`id`,`bat_id`,`date`,`weight`,`note`,`after_eating`,`user_id`) VALUES 
 (1684,53,'2007-08-14 12:46:18',14.3,'','n',2),
 (1685,48,'2007-08-14 12:46:57',13.9,'','n',2),
 (1686,51,'2007-08-14 12:47:10',14.7,'','n',2),
 (1687,63,'2007-08-14 12:47:28',10.8,'','n',2),
 (1688,49,'2007-08-14 12:48:16',14.2,'hat still on','n',2),
 (1689,56,'2007-08-14 12:48:34',17,'','n',2),
 (1690,57,'2007-08-14 12:49:03',14.3,'','n',2),
 (1691,46,'2007-08-14 13:00:15',12.9,'','n',2),
 (1692,50,'2007-08-14 13:00:48',12.5,'small balding spot on back of her neck','n',2),
 (1693,29,'2007-08-14 14:12:14',17.1,'bt','y',6),
 (1694,32,'2007-08-14 14:14:14',21.2,'bt','y',6),
 (1695,33,'2007-08-14 14:16:31',19.7,'bt','y',6),
 (1696,25,'2007-08-14 14:19:02',14.9,'bt','y',6),
 (1697,24,'2007-08-14 14:20:55',22.9,'bt','y',6),
 (1698,26,'2007-08-14 14:22:40',15.3,'bt','y',6),
 (1699,37,'2007-08-14 14:25:48',6.9,'','y',6),
 (1700,52,'2007-08-14 15:15:00',13.1,'','y',2),
 (1701,38,'2007-08-14 15:21:00',15.2,'','y',2),
 (1702,39,'2007-08-14 15:21:00',18.8,'','y',2);
INSERT INTO `weights` (`id`,`bat_id`,`date`,`weight`,`note`,`after_eating`,`user_id`) VALUES 
 (1703,40,'2007-08-14 15:24:00',18.3,'','y',2),
 (1704,4,'2007-08-14 15:26:00',15.3,'','y',2),
 (1705,41,'2007-08-14 15:27:00',16.7,'','y',2),
 (1706,42,'2007-08-14 15:28:00',12.9,'','y',2),
 (1707,43,'2007-08-14 15:29:00',12.8,'','y',2),
 (1708,44,'2007-08-14 15:33:00',15.7,'','y',2),
 (1709,35,'2007-08-14 15:34:00',17.8,'','y',2),
 (1710,62,'2007-08-14 15:58:46',13.6,'','y',2),
 (1711,47,'2007-08-14 16:57:14',14.4,'','n',1),
 (1712,16,'2007-08-14 18:10:26',14.4,'','n',1),
 (1713,35,'2007-08-15 09:07:00',17,'','n',2),
 (1714,43,'2007-08-15 09:09:00',11.9,'','n',2),
 (1715,52,'2007-08-15 09:13:00',12.7,'','n',2),
 (1716,38,'2007-08-15 09:16:00',14.5,'','n',2),
 (1717,40,'2007-08-15 09:17:00',17.6,'','n',2),
 (1718,39,'2007-08-15 09:18:00',18.2,'','n',2),
 (1719,4,'2007-08-15 09:19:00',14.1,'','n',2),
 (1720,41,'2007-08-15 09:20:00',15.7,'drained right side of face','n',2),
 (1721,42,'2007-08-15 09:23:00',11.3,'','n',2),
 (1722,44,'2007-08-15 09:25:00',14.5,'','n',2);
INSERT INTO `weights` (`id`,`bat_id`,`date`,`weight`,`note`,`after_eating`,`user_id`) VALUES 
 (1723,67,'2007-08-15 09:27:50',21.4,'','n',2),
 (1724,63,'2007-08-15 15:46:07',10.4,'','n',6),
 (1725,48,'2007-08-15 15:48:07',13.2,'','n',6),
 (1726,62,'2007-08-15 15:51:21',12.1,'','n',6),
 (1727,65,'2007-08-15 15:55:05',11.7,'','n',6),
 (1728,51,'2007-08-15 15:57:36',14.3,'','n',6),
 (1729,54,'2007-08-15 16:03:38',13.5,'','n',6),
 (1730,62,'2007-08-16 10:51:22',12.7,'','n',6),
 (1731,63,'2007-08-16 10:52:28',11.4,'','n',6),
 (1732,65,'2007-08-16 10:54:40',12.1,'','n',6),
 (1733,52,'2007-08-16 13:26:42',12.5,'','n',1),
 (1734,35,'2007-08-16 13:27:17',16.9,'','n',6),
 (1735,38,'2007-08-16 13:27:29',14.6,'','n',6),
 (1736,40,'2007-08-16 13:27:59',17.2,'','n',6),
 (1737,39,'2007-08-16 13:28:20',18.6,'','n',6),
 (1738,41,'2007-08-16 13:28:31',15.2,'','n',6),
 (1739,4,'2007-08-16 13:30:14',13.4,'','n',6),
 (1740,42,'2007-08-16 13:30:33',11.1,'','n',6),
 (1741,43,'2007-08-16 13:30:43',12,'','n',6),
 (1742,44,'2007-08-16 13:31:06',14.8,'','n',6);
INSERT INTO `weights` (`id`,`bat_id`,`date`,`weight`,`note`,`after_eating`,`user_id`) VALUES 
 (1743,48,'2007-08-16 15:47:18',12.9,'','n',1),
 (1744,53,'2007-08-16 15:50:28',13.8,'','n',1),
 (1745,54,'2007-08-16 15:52:53',13.9,'','n',1),
 (1746,47,'2007-08-16 17:48:41',14.2,'','n',1),
 (1747,31,'2007-08-16 18:02:30',15,'','n',9),
 (1748,17,'2007-08-16 18:15:39',12.6,'','n',1),
 (1749,16,'2007-08-16 18:43:36',14.5,'','n',1),
 (1750,28,'2007-08-17 09:59:34',18.6,'','n',9),
 (1751,27,'2007-08-17 10:00:22',19,'','n',9),
 (1752,59,'2007-08-17 10:03:04',23.3,'','n',9),
 (1753,60,'2007-08-17 10:04:13',14.5,'','n',9),
 (1754,52,'2007-08-17 10:12:00',12.4,'fed extra','n',6),
 (1755,35,'2007-08-17 16:22:00',16.9,'','n',6),
 (1756,38,'2007-08-17 10:25:00',14.3,'','n',6),
 (1757,40,'2007-08-17 17:16:38',17.6,'','n',1),
 (1758,39,'2007-08-17 10:28:00',18.3,'','n',6),
 (1759,41,'2007-08-17 10:30:00',15.8,'','n',6),
 (1760,4,'2007-08-17 10:31:00',14.2,'','n',6),
 (1761,42,'2007-08-17 10:33:00',11.7,'','n',6),
 (1762,43,'2007-08-17 10:34:00',12.4,'','n',6);
INSERT INTO `weights` (`id`,`bat_id`,`date`,`weight`,`note`,`after_eating`,`user_id`) VALUES 
 (1763,44,'2007-08-17 10:40:00',15.1,'','n',6),
 (1764,45,'2007-08-17 10:46:04',11.6,'worm left, fed','n',6),
 (1765,57,'2007-08-17 10:50:29',14.6,'','n',6),
 (1766,55,'2007-08-17 10:52:53',12.6,'fed extra','n',6),
 (1767,56,'2007-08-17 10:56:35',17.6,'','n',6),
 (1768,62,'2007-08-17 11:00:53',12.6,'','n',6),
 (1769,63,'2007-08-17 11:02:16',10.9,'','n',6),
 (1770,65,'2007-08-17 11:03:19',12.2,'','n',6),
 (1771,48,'2007-08-17 14:03:58',13,'','n',1),
 (1772,51,'2007-08-17 14:27:06',13.8,'','n',1),
 (1773,31,'2007-08-17 15:12:24',15.3,'','n',9),
 (1774,47,'2007-08-17 17:27:42',14.4,'','n',1),
 (1775,17,'2007-08-17 18:51:06',12.8,'','n',1),
 (1776,16,'2007-08-17 19:28:32',14.3,'','n',1),
 (1777,52,'2007-08-18 10:49:00',12.3,'','n',7),
 (1778,43,'2007-08-18 10:52:00',12.5,'','n',7),
 (1779,35,'2007-08-18 11:51:00',18.3,'','y',7),
 (1780,52,'2007-08-19 09:25:00',123,'','n',7),
 (1781,35,'2007-08-19 10:33:00',18.7,'','y',7),
 (1782,43,'2007-08-19 09:32:00',12.6,'','n',7);
INSERT INTO `weights` (`id`,`bat_id`,`date`,`weight`,`note`,`after_eating`,`user_id`) VALUES 
 (1783,29,'2007-08-20 11:21:24',16.8,'','n',6),
 (1784,25,'2007-08-20 11:23:15',14.5,'','n',6),
 (1785,24,'2007-08-20 11:24:03',22.2,'','n',6),
 (1786,32,'2007-08-20 11:24:46',20.3,'','n',6),
 (1787,33,'2007-08-20 11:25:34',18.4,'','n',6),
 (1788,26,'2007-08-20 11:26:48',14.3,'','n',6),
 (1789,20,'2007-08-20 11:29:35',18,'','n',6),
 (1790,8,'2007-08-20 11:30:27',19.5,'','n',6),
 (1791,34,'2007-08-20 11:31:23',15.1,'','n',6),
 (1792,13,'2007-08-20 11:32:21',15.1,'','n',6),
 (1793,36,'2007-08-20 11:33:22',16.2,'','n',6),
 (1794,12,'2007-08-20 11:34:39',17.6,'','n',6),
 (1795,22,'2007-08-20 11:36:41',23.5,'','n',6),
 (1796,6,'2007-08-20 11:38:41',15,'','n',6),
 (1797,21,'2007-08-20 11:39:23',14.9,'','n',6),
 (1798,14,'2007-08-20 11:40:12',16.7,'','n',6),
 (1799,5,'2007-08-20 11:44:52',14.7,'','n',6),
 (1800,19,'2007-08-20 11:45:55',16.3,'','n',6),
 (1801,63,'2007-08-20 11:57:59',11.3,'','n',5),
 (1802,65,'2007-08-20 11:58:30',12.9,'','n',5),
 (1803,53,'2007-08-20 11:58:57',14.9,'','n',5);
INSERT INTO `weights` (`id`,`bat_id`,`date`,`weight`,`note`,`after_eating`,`user_id`) VALUES 
 (1804,54,'2007-08-20 12:00:40',14.7,'','n',5),
 (1805,3,'2007-08-20 12:00:49',12.9,'','n',5),
 (1806,56,'2007-08-20 12:01:06',18.6,'','n',5),
 (1807,57,'2007-08-20 12:01:15',15.1,'','n',5),
 (1808,55,'2007-08-20 12:01:30',12.6,'','n',5),
 (1809,52,'2007-08-20 13:01:00',12.4,'','n',6),
 (1810,35,'2007-08-20 15:35:00',16.7,'','n',6),
 (1811,40,'2007-08-20 13:06:00',17.2,'','n',6),
 (1812,39,'2007-08-20 13:07:00',17.8,'','n',6),
 (1813,38,'2007-08-20 13:08:00',14,'','n',6),
 (1814,41,'2007-08-20 13:09:00',15.2,'','n',6),
 (1815,4,'2007-08-20 13:10:00',14.3,'','n',6),
 (1816,42,'2007-08-20 13:11:00',11.3,'','n',6),
 (1817,43,'2007-08-20 13:12:00',12.3,'','n',6),
 (1818,44,'2007-08-20 13:15:00',14.6,'','n',6),
 (1819,67,'2007-08-20 13:16:38',21.6,'','n',6),
 (1820,46,'2007-08-20 14:07:58',13.1,'','n',1),
 (1821,50,'2007-08-20 14:08:45',12.3,'','n',1);
/*!40000 ALTER TABLE `weights` ENABLE KEYS */;




/*!40101 SET SQL_MODE=@OLD_SQL_MODE */;
/*!40014 SET FOREIGN_KEY_CHECKS=@OLD_FOREIGN_KEY_CHECKS */;
/*!40014 SET UNIQUE_CHECKS=@OLD_UNIQUE_CHECKS */;
/*!40101 SET CHARACTER_SET_CLIENT=@OLD_CHARACTER_SET_CLIENT */;
/*!40101 SET CHARACTER_SET_RESULTS=@OLD_CHARACTER_SET_RESULTS */;
/*!40101 SET COLLATION_CONNECTION=@OLD_COLLATION_CONNECTION */;
/*!40101 SET CHARACTER_SET_CLIENT=@OLD_CHARACTER_SET_CLIENT */;
